t_event,osc_idx,bub_id,event_type,radius,cutoff_tau,weight,peak_accel
0.0547222,0,3,N,0.0073822,0.00123036667,-7030.90433,0.0019853181
0.0547222,1,4,N,0.0109441,0.00182401667,-3198.86022,0.00201595215
0.157639,1,86,M,0.0137304,0,0,0.000238628501
0.162917,1,109,M,0.0129611,0,0,0.000210272243
0.171528,1,157,M,0.0123032,0,0,0.000232776978
0.180556,1,197,S,0.0107563,0.00179271667,-3311.54414,0.00215020515
0.185694,1,265,M,0.0113101,0,0,0.00168583258
0.194306,1,404,M,0.0107309,0,0,0.0016537027
0.199583,1,495,M,0.0105153,0,0,0.00158232793
0.200278,1,505,M,0.00981695,0,0,0.00192851962
0.204583,1,588,M,0.00985125,0,0,0.0017596004
0.213889,1,787,M,0.00983225,0,0,0.00141934879
0.221944,1,946,M,0.0088587,0,0,0.00141703232
0.228889,1,1086,M,0.00902455,0.000708792493,9574.12616,0.0015830267
0.234306,1,1189,M,0.0093812,0,0,0.00119976169
0.242778,1,1335,M,0.00907855,0,0,0.000991069538
0.249167,1,1469,M,0.00929675,0,0,0.000829700303
0.254444,1,1631,M,0.009123,0,0,0.000720868098
0.26375,1,1845,M,0.00907855,0,0,0.000575388185
0.270833,1,2041,M,0.008512,0,0,0.000530064979
0.277778,1,2269,M,0.00956595,0.001594325,8520.99168,0.00397787151
0.284167,1,2404,M,0.0084557,0,0,0.00383307959
0.286667,1,2467,M,0.00822805,0,0,0.00366621534
0.298611,1,2865,M,0.00811215,0,0,0.00288995525
0.305278,1,3085,M,0.00777955,0,0,0.00259863193
0.312361,1,3321,M,0.0075797,0,0,0.00320673347
0.319444,1,3580,S,0.00484654,0.000807756667,-16314.1066,0.00385728956
0.326389,1,3789,M,0.00591245,0,0,0.00232711315
0.0547222,2,5,N,0.0062885,0.00104808333,-9689.54381,0.00199346864
0.144583,2,57,M,0.00393194,0,0,0.000169633118
0.0547222,3,6,N,0.00533,0.000888333333,-13488.4124,0.00196117486
0.0547222,4,7,N,0.00390797,0.000651328333,-25093.156,0.00197107991
0.230139,4,1110,M,0.00569365,0,0,5.20736169e-08
0.238333,4,1253,M,0.00533,0,0,2.33028782e-08
0.249583,4,1480,M,0.00514185,0,0,1.62744386e-08
0.254722,4,1638,M,0.0052776,0,0,1.24199359e-08
0.259167,4,1745,M,0.00511385,0,0,1.05826251e-08
0.270139,4,2023,M,0.00451002,0,0,7.60640445e-09
0.273889,4,2158,M,0.00451002,0,0,6.32862488e-09
0.289028,4,2525,S,0.00478297,0,0,2.80498109e-09
0.294722,4,2728,M,0.005251,0,0,1.98135223e-09
0.316944,4,3497,M,0.00539405,0,0,7.04034463e-10
0.321806,4,3666,M,0.00568225,0,0,5.47934343e-10
0.359722,4,4805,M,0.0052376,0,0,1.38145884e-10
0.378056,4,5358,M,0.00560125,0,0,6.29988751e-11
0.388472,4,5685,M,0.005705,0,0,3.96104336e-11
0.401111,4,6138,M,0.0058485,0,0,2.38397951e-11
0.404722,4,6256,M,0.00593345,0,0,2.07169783e-11
0.505,4,8264,M,0.00445501,0,0,1.54336055e-06
0.533194,4,8809,S,0.00328248,0.000139,-35570.0016,8.03377761e-05
0.533333,4,8815,M,0.00400217,0.000667028333,48690.6656,0.00399647133
0.544167,4,8998,M,0.00359392,0,0,0.00208804231
0.0547222,5,8,N,0.00979395,0.001632325,-3994.35151,0.00198897641
0.0709722,6,10,N,0.00750195,0.001250325,-6808.21287,0.00198303748
0.0961111,6,13,M,0.00495393,0,0,0.00177404278
0.133472,7,25,N,0.0132549,0.00220915,-2180.68304,0.00198741518
0.193056,7,375,M,0.007152,0,0,0.00217791264
0.198194,7,474,M,0.00725845,0,0,0.00298944606
0.201389,7,520,S,0.0050424,0.0008404,-15071.1823,0.00369378521
0.208194,7,667,M,0.00576105,0,0,0.00207747644
0.187222,8,282,N,0.00817875,0.001363125,-5727.96989,0.00200729373
0.2075,8,654,M,0.0103254,0,0,0.00089052616
0.215139,8,811,M,0.0114326,0,0,0.000639832849
0.220694,8,921,M,0.0115387,0,0,0.000575429749
0.229167,8,1090,S,0.011393,0.00189883333,-2951.73207,0.00242093112
0.235694,8,1215,S,0.0115248,0,0,0.00225210218
0.24,8,1293,S,0.0120065,0,0,0.00200957742
0.249861,8,1491,M,0.0118301,0.00197168333,5571.30678,0.00524647823
0.256528,8,1691,M,0.0124428,0,0,0.00461463768
0.257083,8,1703,S,0.0118878,0.0019813,-2711.1146,0.00454189472
0.269167,8,1991,S,0.011968,0,0,0.00304126866
0.277778,8,2267,S,0.0119371,0.00198951667,-2688.7658,0.00420088578
0.284722,8,2418,S,0.0125396,0,0,0.00366811706
0.291667,8,2603,S,0.0129457,0,0,0.00315468122
0.2975,8,2821,M,0.0131214,0.00138105898,4528.64605,0.00358502872
0.304444,8,3060,M,0.0131492,0,0,0.00338375278
0.312222,8,3319,M,0.0129654,0,0,0.00371327981
0.317917,8,3532,S,0.00899735,0.00149955833,-4733.02111,0.00583743032
0.330278,8,3914,M,0.0093854,0.00156423333,8852.01279,0.00462983762
0.347083,8,4396,S,0.0091802,0.00153003333,-4546.34101,0.00364589011
0.35375,8,4620,S,0.00976315,0,0,0.0029359117
0.365556,8,4963,M,0.0115359,0,0,0.00161863023
0.366806,8,4997,S,0.0115387,0,0,0.00183047631
0.37125,8,5148,M,0.0114129,0,0,0.00175915296
0.388889,8,5697,M,0.0113531,0,0,0.00127053921
0.395,8,5901,M,0.0112493,0,0,0.0011477589
0.400278,8,6104,M,0.0112841,0,0,0.00102770932
0.426806,8,6712,M,0.0110688,0,0,0.000601595723
0.435417,8,6925,M,0.0111257,0,0,0.000493125048
0.464722,8,7461,M,0.0110326,0,0,0.000281206294
0.467083,8,7516,M,0.0108322,0,0,0.000267549647
0.534167,8,8828,M,0.0112667,0,0,6.28738806e-05
0.545972,8,9016,M,0.0111316,0,0,5.02927037e-05
0.552778,8,9160,S,0.0109992,0.0018332,-3166.88932,0.00205080808
0.603056,8,10272,M,0.010938,0,0,0.00076540555
0.609861,8,10406,S,0.00978245,0.00163040833,-4003.74904,0.00242124516
0.621528,8,10659,S,0.0098966,0,0,0.00196717478
0.641806,8,11027,S,0.00974765,0,0,0.00133006523
0.651806,8,11232,M,0.0107755,0.00179591667,6715.281,0.00316154189
0.659722,8,11380,M,0.0110053,0,0,0.00267676885
0.666667,8,11498,S,0.0107468,0.00179113333,-3317.40183,0.0024171231
0.673611,8,11597,S,0.0097863,0.00163105,-4000.59922,0.00262829456
0.791667,8,13161,M,0.0105783,0,0,0.000218989029
0.798611,8,13222,M,0.010702,0,0,0.000191900208
0.805694,8,13295,M,0.0106729,0,0,0.000164595783
0.836806,8,13435,M,0.0107691,0,0,9.16011089e-05
0.845694,8,13446,M,0.0104212,0,0,7.92689343e-05
0.854167,8,13462,M,0.0103219,0,0,6.84584985e-05
0.860833,8,13487,M,0.010411,0,0,5.96511389e-05
0.864306,8,13515,M,0.0103426,0,0,5.55554746e-05
0.896944,8,13695,M,0.0106794,0,0,2.92831436e-05
0.923472,8,13909,M,0.0108479,0,0,1.68263336e-05
0.930556,8,13992,M,0.0106209,0,0,1.48117022e-05
0.935833,8,14042,M,0.0103666,0,0,1.35485824e-05
0.9425,8,14083,M,0.0105816,0,0,1.19353002e-05
0.951389,8,14129,M,0.0108947,0,0,9.65567684e-06
0.956667,8,14153,M,0.0108884,0,0,8.63203919e-06
0.972083,8,14182,M,0.0106923,0,0,6.74726305e-06
0.97875,8,14272,M,0.0108729,0,0,5.69708269e-06
0.999444,8,14472,M,0.0104753,0,0,3.97138718e-06
1.00556,8,14536,S,0.0097009,0,0,3.65033777e-06
1.01389,8,14586,M,0.010171,0,0,3.04217077e-06
1.02083,8,14641,M,0.0102732,0,0,2.68644044e-06
1.02681,8,14677,M,0.0101065,0,0,2.3007506e-06
1.03319,8,14748,M,0.0103219,0,0,1.79401573e-06
1.03375,8,14760,M,0.0099527,0,0,2.01543417e-06
1.03875,8,14779,M,0.0103975,0.00173291667,7212.45795,0.00413527159
1.04556,8,14798,M,0.0103254,0,0,0.00373406982
1.07639,8,15038,M,0.0103838,0,0,0.00180068157
1.13181,8,15241,M,0.0102452,0,0,0.000603005305
1.13833,8,15279,M,0.0108978,0.0018163,6565.39315,0.00378176658
1.14444,8,15318,S,0.0105618,0.0017603,-3434.64257,0.00346259356
1.16611,8,15480,M,0.010482,0,0,0.000951989362
1.17153,8,15504,M,0.0102732,0,0,0.000869367265
1.18,8,15543,M,0.0100155,0,0,0.000760787836
1.19278,8,15592,M,0.0103666,0,0,0.000562260137
1.21292,8,15672,S,0.0102837,0.00171395,-3622.93233,0.00170491033
1.28278,8,15925,M,0.0104618,0,0,0.000425891711
1.30111,8,16037,M,0.0107277,0,0,0.000293397222
1.31236,8,16095,M,0.010702,0,0,0.000232744422
1.31611,8,16155,S,0.0099378,0.0016563,-3879.54346,0.00221148125
1.33639,8,16384,M,0.0104551,0.00174251667,7133.20065,0.00332709576
1.36639,8,16546,M,0.0106144,0,0,0.0017222633
1.36792,8,16567,M,0.0108573,0,0,0.00174977967
1.37986,8,16621,M,0.0105881,0,0,0.00141838886
1.395,8,16648,M,0.010522,0,0,0.00108736298
1.42347,8,16675,M,0.010532,0,0,0.000609688261
1.42681,8,16693,M,0.0106762,0,0,0.000549267697
1.4375,8,16739,M,0.0106079,0,0,0.000459079303
1.44208,8,16762,M,0.0103941,0,0,0.00043707447
1.44736,8,16789,M,0.0105915,0,0,0.000381456424
1.45806,8,16806,M,0.0106502,0,0,0.000302628397
1.46486,8,16887,M,0.0105618,0,0,0.000261234675
1.46889,8,16927,S,0.0102241,0,0,0.000252655921
1.47639,8,16959,S,0.0104551,0,0,0.000209102787
1.48528,8,17039,M,0.0101817,0,0,0.000184309126
1.4925,8,17104,M,0.0103803,0,0,0.000150912868
1.49931,8,17131,M,0.0105253,0,0,0.000125574233
1.50139,8,17141,M,0.010522,0,0,0.000122204449
1.51278,8,17160,M,0.0105253,0,0,9.78711776e-05
0.188333,9,297,N,0.00856755,0.001427925,-5219.84786,0.00196494655
0.281944,9,2345,M,0.0098093,0,0,0.000219171438
0.291389,9,2597,M,0.0100885,0,0,0.000167022208
0.298611,9,2864,S,0.00857255,0.00142875833,-5213.7601,0.00189700914
0.302778,9,3000,S,0.0083934,0,0,0.00178139466
0.338472,9,4105,S,0.0082821,0.00138035,-5585.89418,0.00225315187
0.347222,9,4406,S,0.0084916,0,0,0.00178911681
0.347917,9,4430,M,0.00892855,0.00148809167,9781.13219,0.00352727033
0.365417,9,4960,M,0.009202,0,0,0.00214827089
0.368056,9,5029,M,0.0090919,0,0,0.0022791371
0.371806,9,5168,S,0.0069596,0.00115993333,-7910.78099,0.00271515297
0.4,9,6088,S,0.006251,0.00104183333,-9806.16185,0.00148504757
0.409028,9,6352,M,0.00718785,0.001197975,15092.8017,0.00353900156
0.411667,9,6421,S,0.00646955,0.00107825833,-9154.75118,0.00464705477
0.435,9,6915,S,0.0065564,0,0,0.00231923363
0.493056,9,7998,M,0.00763695,0.001272825,13369.7378,0.00428802596
0.5,9,8171,M,0.00732085,0,0,0.00378568499
0.506944,9,8292,M,0.00735505,0,0,0.00300150989
0.512361,9,8411,M,0.00736865,0,0,0.00255814376
0.515556,9,8470,S,0.00686715,0.001144525,-8125.23735,0.00235693891
0.192083,10,355,N,0.00341392,0.000568986667,-32883.2009,0.00195037828
0.194306,11,401,N,0.00313958,0.000523263333,-38882.4463,0.00194511094
0.195139,12,419,S,0.00417831,0.000696385,-21950.5856,0.00194832542
0.366528,12,4989,M,0.00452806,0,0,1.5004649e-07
0.367917,12,5027,M,0.00487771,0,0,1.17969085e-06
0.371111,12,5141,S,0.00388369,0.000647281667,-25407.9491,0.00187726067
0.221111,13,932,N,0.00321262,0.000535436667,-37134.1482,0.00201424892
0.226944,14,1039,N,0.00341392,0.000568986667,-32883.2009,0.00196141327
0.235972,15,1220,N,0.0146141,0.00243568333,-1793.89467,0.00200688693
0.243056,15,1338,M,0.0164001,0,0,0.00171097181
0.25,15,1492,M,0.0166682,0,0,0.00162290382
0.256944,15,1702,M,0.014381,0,0,0.00159440766
0.277778,15,2270,M,0.016857,0,0,0.000907487971
0.291528,15,2600,M,0.0170341,0,0,0.000770325883
0.298333,15,2855,M,0.0174287,0,0,0.000729564023
0.312222,15,3318,M,0.0131449,0,0,0.000733712461
0.24125,16,1309,S,0.00484654,0,0,0
0.242361,17,1329,N,0.00310175,0.000516958333,-39836.8988,0.00194072544
0.250972,18,1528,N,0.00310175,0.000516958333,-39836.8988,0.00194669505
0.252917,19,1591,S,0.00417831,0.000696385,-21950.5856,0.00197857755
0.253889,20,1614,S,0.00310175,0.000516958333,-39836.8988,0.00194646805
0.255139,21,1648,N,0.00729325,0.00121554167,-7203.46796,0.00201347956
0.269028,21,1989,M,0.0075861,0,0,0.00127802236
0.275556,21,2209,S,0.00701995,0.00116999167,-7775.33508,0.00206868764
0.284306,21,2407,S,0.0070645,0,0,0.00161544212
0.305556,21,3093,S,0.00663265,0.00110544167,-8710.00023,0.0013850568
0.307222,21,3151,S,0.00661585,0,0,0.00134899182
0.31875,21,3560,M,0.0060363,0,0,0.00108130828
0.325833,21,3769,M,0.0060363,0,0,0.000777657719
0.332083,21,3964,M,0.00522415,0,0,0.000714103495
0.352778,21,4578,M,0.00538135,0,0,0.000299803709
0.357361,21,4723,M,0.00459882,0,0,0.000262123636
0.416528,21,6495,M,0.005975,0,0,1.16770525e-05
0.421111,21,6579,S,0.00501325,0.000835541667,-15246.9826,0.00193809365
0.430556,21,6792,S,0.00468432,0,0,0.00161176817
0.436806,21,6945,M,0.0057163,0.000952716667,23864.9283,0.00322360452
0.444167,21,7078,M,0.0059853,0,0,0.00240131196
0.447778,21,7140,S,0.00490848,0.00081808,-15904.9104,0.00249264822
0.455833,21,7277,S,0.0051279,0,0,0.00183945451
0.464583,21,7460,M,0.0055057,0.000917616667,25725.8206,0.00512670363
0.471528,21,7613,M,0.0052776,0,0,0.00379285196
0.476528,21,7701,S,0.00495393,0.000825655,-15614.3671,0.00448892131
0.256667,22,1692,M,0.0130633,0,0,0
0.263056,22,1828,S,0.0120167,0,0,0
0.267778,22,1934,M,0.0122224,0,0,0
0.276806,22,2243,M,0.0119706,0,0,0
0.284028,22,2401,M,0.0112493,0,0,0
0.291528,22,2599,S,0.0107404,0,0,0
0.298056,22,2838,S,0.0111819,0,0,0
0.256944,23,1701,N,0.005469,0.0009115,-12811.3956,0.00199216677
0.262917,23,1825,M,0.0059019,0,0,0.00146657305
0.305,23,3076,M,0.0055895,0,0,0.000319940177
0.312222,23,3320,M,0.0059019,0,0,0.000207067455
0.319167,23,3576,M,0.0059543,0,0,0.00016035453
0.325833,23,3767,M,0.00458134,0,0,0.000141401503
0.331944,23,3960,M,0.00539405,0.000899008333,26801.9706,0.00402721123
0.340278,23,4159,S,0.00441757,0.000736261667,-19636.8799,0.00288640962
0.344722,23,4303,M,0.00565935,0.000943225,24347.7116,0.00504163114
0.42,23,6560,M,0.00565935,0,0,0.000234347347
0.430417,23,6790,M,0.0055658,0,0,0.000158299669
0.437083,23,6953,M,0.00568225,0,0,0.000119071157
0.441944,23,7033,S,0.0043602,0.0007267,-20157.116,0.00196850751
0.257083,24,1704,S,0.00664935,0.001108225,-8666.29972,0.00197707971
0.257639,25,1713,N,0.0043602,0.0007267,-20157.116,0.00196646851
0.409444,25,6362,M,0.00492373,0,0,6.790979e-07
0.4125,25,6441,S,0.00367754,0.000612923333,-28336.9362,0.00183453659
0.422361,25,6608,S,0.00417831,0,0,0.00108600774
0.262639,26,1814,S,0.00515575,0,0,0
0.284583,26,2417,M,0.00576105,0,0,1.30332298e-07
0.287639,26,2488,S,0.00478297,0.000797161667,-16750.7127,0.00191678194
0.263333,27,1833,S,0.0051279,0.00085465,-14572.7247,0.00198196254
0.263889,28,1849,S,0.00338201,0.000563668333,-33506.7812,0.00198964291
0.270139,29,2021,N,0.01167,0.001945,-2813.26161,0.00198652309
0.274861,29,2191,M,0.013147,0,0,0.00172175958
0.283333,29,2383,M,0.0140006,0,0,0.0012864004
0.290972,29,2580,M,0.0144572,0.00240953333,3730.40486,0.00377787983
0.296111,29,2786,M,0.0152169,0,0,0.00351810616
0.333056,29,3989,M,0.0168181,0,0,0.00180456528
0.347083,29,4400,M,0.0174117,0,0,0.000936235102
0.347639,29,4422,S,0.0174383,0,0,0.00149177449
0.361111,29,4839,S,0.0172349,0,0,0.00129787153
0.36625,29,4978,S,0.0163355,0,0,0.00121582455
0.367917,29,5026,M,0.0166138,0,0,0.00137784426
0.375,29,5278,S,0.0153665,0,0,0.00132202821
0.381944,29,5445,M,0.0173102,0,0,0.00107587686
0.388889,29,5695,M,0.0174553,0,0,0.000966561549
0.395556,29,5920,M,0.0174988,0,0,0.000868620439
0.402639,29,6188,S,0.0164015,0,0,0.000771745981
0.405972,29,6284,S,0.0161582,0.00269303333,-1467.40861,0.00280714808
0.423472,29,6637,M,0.016241,0,0,0.00231845459
0.43,29,6778,S,0.0164192,0,0,0.00211338477
0.444306,29,7083,M,0.0171464,0.00285773333,2651.98885,0.00306858943
0.45125,29,7196,M,0.0172634,0,0,0.00284921783
0.458333,29,7337,S,0.0163616,0,0,0.00268537515
0.465278,29,7475,S,0.0163244,0,0,0.00250090389
0.471806,29,7620,M,0.0170696,0,0,0.00222906539
0.479167,29,7747,M,0.014175,0,0,0.00227413235
0.485417,29,7849,M,0.0135079,0,0,0.00224863935
0.493056,29,7997,M,0.0123421,0,0,0.00201011029
0.49875,29,8150,M,0.0126164,0,0,0.00181967574
0.270694,30,2032,N,0.00404765,0.000674608333,-23390.8676,0.00196012471
0.270833,31,2040,S,0.00644305,0.00107384167,-9230.22069,0.00192531233
0.277222,31,2256,M,0.00740245,0,0,0.001374765
0.284722,31,2422,M,0.00732085,0,0,0.00125447958
0.291528,31,2602,M,0.00737545,0,0,0.00103792411
0.294028,31,2707,M,0.0071448,0,0,0.000962489309
0.272917,32,2122,S,0.00505685,0.000842808333,-14985.1611,0.001968364
0.273333,33,2132,N,0.00390797,0.000651328333,-25093.156,0.00195289821
0.273472,34,2134,N,0.00397903,0.000663171667,-24204.742,0.00195160164
0.275556,35,2208,S,0.00341392,0.000568986667,-32883.2009,0.00194452576
0.277083,36,2251,S,0.00426107,0.000710178333,-21106.0615,0.00196748163
0.278333,37,2283,S,0.0050997,0.00084995,-14734.3597,0.00199379449
0.28375,38,2391,S,0.00409214,0.000682023333,-22884.9305,0.00195682327
0.284306,39,2406,S,0.00359392,0,0,0
0.289028,40,2526,S,0.00254986,0.000424976667,-58953.5331,0.00195353419
0.293056,41,2671,N,0.00313958,0.000523263333,-38882.4463,0.00195063571
0.297778,42,2831,S,0.00331633,0.000552721667,-34847.4215,0.00196196195
0.298056,43,2839,S,0.0044735,0.000745583333,-19148.851,0.0019745652
0.298472,44,2860,M,0.007515,0,0,6.01177774e-08
0.305556,44,3089,S,0.006699,0.0011165,-8538.30064,0.00198777735
0.307222,44,3150,S,0.00683575,0,0,0.00192785953
0.319444,44,3582,S,0.0069137,0,0,0.00127565976
0.325139,44,3751,M,0.0075085,0.00125141667,13831.1346,0.00379939675
0.347222,44,4404,S,0.00675595,0.00112599167,-8394.9432,0.00328772646
0.353611,44,4610,S,0.0055057,0,0,0.00324923077
0.360139,44,4819,M,0.0070645,0.00117741667,15624.5144,0.00588996402
0.366111,44,4970,S,0.00568225,0.000947041667,-11867.7214,0.00552435222
0.3675,44,5014,S,0.00565935,0,0,0.00454108165
0.374722,44,5273,M,0.00750195,0.001250325,13855.2996,0.00655118764
0.381389,44,5425,M,0.0073414,0,0,0.0074440143
0.388194,44,5671,S,0.00468432,0.00078072,-17463.7793,0.00784631568
0.409722,44,6368,M,0.00572755,0.000954591667,23771.2581,0.00319263209
0.568056,44,9458,S,0.0049689,0.00082815,-15520.4112,0.00196402988
0.573889,44,9566,S,0.00499856,0,0,0.00156292372
0.602917,44,10269,M,0.00636215,0.00106035833,19265.1015,0.0043538919
0.645556,44,11079,M,0.00585925,0,0,0.000944712793
0.65125,44,11218,M,0.0062885,0,0,0.000709099644
0.670556,44,11557,M,0.0058485,0,0,0.000389453259
0.674861,44,11613,S,0.00573875,0.000956458333,-11635.1592,0.00218820596
0.75,44,12771,M,0.006251,0,0,0.00010291732
0.756944,44,12836,M,0.00616495,0,0,7.93057292e-05
0.76375,44,12949,S,0.0058913,0.000981883333,-11040.3249,0.00199621479
0.922639,44,13898,M,0.00591245,0,0,4.840254e-06
0.924861,44,13917,S,0.00468432,0.00078072,-17463.7793,0.0018931604
1.46514,44,16893,M,0.00493887,0,0,1.01270729e-14
1.46639,44,16900,M,0.00492373,0,0,9.81261948e-15
1.47889,44,16969,M,0.00487771,0,0,5.67809058e-15
1.48292,44,17011,M,0.00449183,0,0,4.79749573e-15
2.30556,44,18582,M,0.00515575,0,0,3.6358188e-33
0.298611,45,2866,M,0.00557765,0,0,0
0.301944,45,2982,M,0.005317,0,0,0
0.312083,45,3310,M,0.0055178,0,0,0
0.315417,45,3439,M,0.0046505,0,0,0
0.300278,46,2919,N,0.00367754,0.000612923333,-28336.9362,0.00195357606
0.302083,47,2984,S,0.00514185,0.000856975,-14493.7484,0.00195503421
0.416528,47,6496,M,0.0058913,0,0,1.10809072e-05
0.419722,47,6547,S,0.00501325,0.000835541667,-15246.9826,0.00197257419
0.61625,47,10571,M,0.00470105,0,0,9.75503765e-07
0.680278,47,11716,S,0.00390797,0.000651328333,-25093.156,0.00192664069
0.687222,47,11831,M,0.0051696,0.000834,29180.1681,0.00437796745
0.307222,48,3149,S,0.0043602,0,0,0
0.310278,49,3245,N,0.00356517,0.000594195,-30151.7517,0.00196216552
0.310417,50,3249,S,0.0090381,0,0,0
0.319444,50,3584,M,0.0095255,0,0,0
0.312361,51,3322,M,0.00522415,0,0,0
0.312361,52,3323,M,0.00484654,0,0,1.11297234e-06
0.317778,52,3527,S,0.00362223,0.000603705,-29209.1043,0.00193163085
0.323056,52,3699,S,0.00441757,0,0,0.00126621172
0.312361,53,3324,M,0.0123734,0,0,0
0.32625,53,3786,M,0.0153852,0,0,0
0.347222,53,4407,M,0.0153634,0,0,2.43321683e-07
0.350417,53,4501,S,0.0147288,0.0024548,-1766.06233,0.00201392025
0.36,53,4815,M,0.0147204,0,0,0.00181798816
0.388611,53,5688,M,0.0143632,0,0,0.00128052709
0.395833,53,5927,M,0.0137498,0,0,0.00118803517
0.399444,53,6071,M,0.0135441,0,0,0.00111404493
0.421944,53,6598,M,0.0137868,0,0,0.0007927743
0.429583,53,6770,M,0.0134938,0,0,0.000719451967
0.437222,53,6956,M,0.0136518,0,0,0.000634708889
0.443472,53,7063,M,0.0135762,0,0,0.000594181141
0.450556,53,7184,M,0.0135961,0,0,0.000535255103
0.457222,53,7312,M,0.0136438,0,0,0.000487066705
0.465139,53,7472,M,0.013528,0,0,0.000441332497
0.471528,53,7614,M,0.0136537,0,0,0.00038683847
0.478611,53,7739,M,0.0137965,0,0,0.000353820025
0.481528,53,7786,M,0.0135341,0,0,0.000340276503
0.493056,53,7999,M,0.0134795,0,0,0.000289747465
0.496806,53,8090,S,0.0131385,0.00218975,-2219.49567,0.00216611567
0.504722,53,8260,M,0.013087,0,0,0.00322843526
0.508889,53,8329,S,0.0041571,0.00069285,-22175.1846,0.0102829233
0.314861,54,3410,S,0.00434074,0.000723456667,-20338.2841,0.00195276891
0.316806,55,3488,S,0.00800435,0.00133405833,-5980.31569,0.00202316335
0.34,55,4147,M,0.00826595,0,0,0.00107069428
0.343333,55,4260,S,0.0077429,0.00129048333,-6391.04058,0.00296628494
0.317083,56,3501,N,0.00260531,0.000434218333,-56470.0933,0.0019596021
0.317639,57,3520,S,0.0053558,0.000892633333,-13358.7552,0.00197636573
0.318194,58,3544,S,0.00393194,0.000655323333,-24788.086,0.0019531683
0.319444,59,3578,S,0.0089791,0.00149651667,-4752.28191,0.00198653001
0.325972,59,3774,S,0.00919765,0,0,0.00174582279
0.321389,60,3649,S,0.0060058,0.00100096667,-10623.323,0.00196352723
0.347222,60,4402,S,0.0050997,0.00084995,-14734.3597,0.00262249763
0.353611,60,4613,M,0.00637125,0.001061875,19210.1023,0.00278900819
0.356667,60,4702,M,0.0060363,0,0,0.00249978887
0.674306,60,11611,M,0.00586995,0,0,4.8688005e-07
0.782778,60,13101,S,0.00548125,0.000913541667,-12754.1879,0.00196129979
0.994861,60,14437,M,0.00564785,0,0,4.03415066e-07
1.00375,60,14518,S,0.00487771,0.000812951667,-16106.2385,0.0019367782
1.01347,60,14581,S,0.00449183,0,0,0.00147439322
1.03264,60,14741,M,0.00609635,0.00101605833,20981.8409,0.00484870043
1.03375,60,14756,S,0.0048308,0.000805133333,-16420.6068,0.00776395686
0.322639,61,3682,S,0.00426107,0.000710178333,-21106.0615,0.00195826166
0.32375,62,3717,S,0.00489314,0.000815523333,-16004.8052,0.00200448029
0.342917,62,4253,M,0.0050424,0,0,0.000785744659
0.426528,62,6703,S,0.00463341,0.000772235,-17849.7172,0.00195417926
0.4625,62,7405,S,0.00404765,0.000674608333,-23390.8676,0.00154601685
0.329861,63,3904,S,0.0037575,0.00062625,-27143.5174,0.00195370374
0.331806,64,3955,S,0.0051279,0.00085465,-14572.7247,0.00198336923
0.36625,64,4982,M,0.00561295,0,0,0.000309137045
0.366806,64,5000,S,0.00443638,0.000739396667,-19470.6876,0.00175601472
0.332639,65,3973,S,0.0055895,0,0,0
0.335972,66,4056,N,0.00338201,0.000563668333,-33506.7812,0.00197945216
0.346528,66,4378,S,0.0027589,0.000459816667,-50356.1024,0.00212907331
0.339722,67,4142,N,0.00302319,0.000503865,-41934.6895,0.00198311841
0.340278,68,4152,S,0.00722335,0,0,1.02851212e-07
0.346389,68,4376,M,0.00768095,0.00128015833,13216.9864,0.00407170291
0.353889,68,4623,M,0.008701,0,0,0.00305264802
0.340278,69,4155,S,0.0091627,0,0,0
0.34625,69,4371,M,0.0110718,0.0018453,6360.64332,0.00424560777
0.353194,69,4595,M,0.0108635,0.00181058333,6606.91999,0.0037438562
0.358194,69,4761,M,0.0110928,0,0,0.000934571849
0.36625,69,4981,M,0.0120574,0,0,0.000644190322
0.367222,69,5009,S,0.0090561,0.00150935,-4671.80604,0.00262194308
0.374444,69,5265,M,0.00888675,0,0,0.00231845096
0.395556,69,5921,M,0.0088446,0,0,0.00135986539
0.402361,69,6184,M,0.00883515,0,0,0.00117607347
0.40625,69,6291,M,0.00883515,0,0,0.00105699146
0.443194,69,7056,S,0.0077244,0.0012874,-6421.69327,0.00205637275
0.451389,69,7198,M,0.0075989,0,0,0.00168676029
0.45625,69,7284,S,0.007749,0,0,0.0013571925
0.485694,69,7852,M,0.0085069,0.00141781667,10774.864,0.0043858552
0.499861,69,8169,M,0.00841945,0,0,0.00316769941
0.506111,69,8279,M,0.0081622,0,0,0.00277958944
0.513472,69,8429,M,0.00857255,0,0,0.00213014058
0.519861,69,8573,M,0.0083986,0,0,0.00186799962
0.526944,69,8700,M,0.00819525,0,0,0.00160663442
0.531806,69,8795,M,0.00818975,0,0,0.00123430285
0.533472,69,8818,M,0.00810655,0,0,0.00129216245
0.539306,69,8936,M,0.00856255,0,0,0.00107499952
0.5475,69,9045,M,0.0083142,0,0,0.000879727159
0.554722,69,9201,M,0.00838815,0,0,0.000742835101
0.5625,69,9339,S,0.0067801,0.00113001667,-8335.2396,0.00178149697
0.568333,69,9462,M,0.00765585,0.001275975,13303.8014,0.00279658432
0.57375,69,9562,M,0.00773055,0,0,0.0024654396
0.590278,69,9962,M,0.00748885,0,0,0.00145313306
0.596667,69,10170,S,0.00639835,0.00106639167,-9359.65362,0.00341790519
0.610833,69,10435,M,0.0063803,0,0,0.00226498012
0.613472,69,10494,S,0.00592295,0.000987158333,-10922.6353,0.00322963255
1.67528,69,17773,M,0.0067072,0.00111786667,17333.7116,0.00412026834
2.15958,69,18494,M,0.00756685,0.00126114167,13618.6259,0.00444226623
2.16569,69,18501,S,0.00617465,0.00102910833,-10050.1975,0.00440248412
2.17194,69,18503,M,0.00781595,0.00130265833,12764.3109,0.00438988913
2.19306,69,18532,S,0.00656495,0.00109415833,-8890.58727,0.00319114289
0.343333,70,4261,S,0.00417831,0.000696385,-21950.5856,0.00195320695
0.344306,71,4286,S,0.00373123,0.000621871667,-27527.1486,0.00195609406
0.345278,72,4323,S,0.00359392,0.000598986667,-29671.1807,0.00195101669
0.345972,73,4358,S,0.00367754,0.000612923333,-28336.9362,0.00194705379
0.346389,74,4375,S,0.00591245,0,0,0
0.348194,75,4431,S,0.0044735,0.000745583333,-19148.851,0.00197280363
0.348889,76,4456,S,0.0051696,0.0008616,-14338.5421,0.00202050479
0.360417,76,4827,S,0.00426107,0.000710178333,-21106.0615,0.00136669103
0.350278,77,4498,N,0.00229941,0.000383235,-72499.7062,0.00194604766
0.353333,78,4599,S,0.00341392,0.000568986667,-32883.2009,0.00195068874
0.353889,79,4624,M,0.0081622,0,0,0
0.360417,79,4830,M,0.00606645,0,0,0
0.363333,79,4902,M,0.0061455,0,0,0
0.367778,79,5023,M,0.006251,0,0,0
0.372222,79,5190,M,0.00633475,0,0,0
0.381389,79,5426,M,0.00624155,0,0,0
0.390972,79,5774,M,0.00667425,0,0,7.62795298e-07
0.400694,79,6116,M,0.0067398,0.0011233,17166.4152,0.00412372782
0.403333,79,6209,S,0.00681995,0,0,0.00388622991
0.415,79,6469,M,0.0065392,0,0,0.00246198414
0.419167,79,6540,M,0.006582,0,0,0.00213023179
0.434167,79,6897,M,0.00636215,0,0,0.00128628933
0.444444,79,7085,M,0.0062978,0,0,0.000935018451
0.458194,79,7336,M,0.0066825,0,0,0.000527098195
0.460139,79,7367,M,0.00654785,0,0,0.000499546576
0.496389,79,8081,M,0.00649585,0,0,0.000136078177
0.506944,79,8289,S,0.0060363,0.00100605,-10516.2273,0.00188579532
0.512917,79,8424,M,0.0067235,0.00112058333,17249.7592,0.00544161958
0.518611,79,8539,S,0.0057721,0.000962016667,-11501.0799,0.00478071606
0.524306,79,8643,M,0.00568225,0,0,0.00322307633
0.531111,79,8785,M,0.006016,0,0,0.00247299977
0.541667,79,8960,M,0.00602615,0,0,0.00164043794
0.5475,79,9042,S,0.00515575,0.000859291667,-14415.6921,0.00319782621
0.555278,79,9208,S,0.0050424,0,0,0.00245155918
0.353889,80,4625,N,0.00586995,0.000978325,-11120.7919,0.00199613184
0.355139,81,4654,S,0.00486217,0.000810361667,-16209.3727,0.0019922664
0.384444,81,5512,M,0.00548125,0,0,0.000465772802
0.402361,81,6185,M,0.0055178,0,0,0.000175716033
1.48556,81,17042,M,0.005251,0,0,7.53564737e-23
0.357778,82,4735,M,0.006641,0,0,0
0.362361,82,4878,M,0.0070645,0,0,0
0.388194,82,5673,M,0.0070423,0,0,2.20447962e-07
0.390139,82,5744,S,0.00367754,0.000612923333,-28336.9362,0.00202945728
0.360417,83,4826,S,0.00388369,0.000647281667,-25407.9491,0.00194557917
0.360417,84,4828,M,0.0093434,0,0,3.88213052e-08
0.366389,84,4985,S,0.0087638,0.00146063333,-4988.66796,0.00202518961
0.360417,85,4829,M,0.0078099,0,0,0
0.366111,85,4977,M,0.0081177,0,0,0
0.3675,85,5011,S,0.006812,0.00113533333,-8257.34783,0.00198772628
0.375,85,5280,M,0.00856755,0.001427925,10622.84,0.00533190722
0.381667,85,5438,M,0.006952,0,0,0.00522204741
0.382778,85,5473,M,0.00713035,0,0,0.0050294107
0.395694,85,5924,M,0.00808965,0,0,0.00331119928
0.402083,85,6169,M,0.00847625,0,0,0.00241511803
0.409444,85,6361,M,0.00844535,0,0,0.00186819077
0.416389,85,6490,S,0.0079986,0.0013331,-5988.91776,0.00196387287
0.423611,85,6641,S,0.00755395,0,0,0.00161084567
0.430556,85,6793,M,0.0072794,0,0,0.00135212
0.437361,85,6958,M,0.00789355,0.000278,12514.5549,0.000536910803
0.437639,85,6963,S,0.0068827,0.00114711667,-8088.56051,0.00186070345
0.45125,85,7197,M,0.0069137,0,0,0.00140557952
0.458056,85,7334,M,0.00793475,0.00132245833,12384.9207,0.0048443696
0.464306,85,7448,S,0.00637125,0.001061875,-9439.45419,0.00470390267
0.490972,85,7950,M,0.0072794,0,0,0.00113162686
0.510417,85,8372,M,0.0071592,0,0,0.000585199057
0.519028,85,8556,M,0.006251,0,0,0.000516884344
0.5625,85,9343,M,0.00701245,0,0,8.16745196e-05
0.563333,85,9359,S,0.0057163,0.000952716667,-11726.7412,0.00193493823
0.588194,85,9897,S,0.0050855,0.000847583333,-14816.7703,0.00279719096
0.603611,85,10283,M,0.00533,0.000888333333,27450.081,0.00386924535
0.615972,85,10560,M,0.0050855,0,0,0.00216820925
0.777778,85,13081,M,0.00541925,0,0,2.25735982e-06
0.780417,85,13088,S,0.00514185,0.000856975,-14493.7484,0.00193058147
1.59542,85,17552,M,0.00591245,0.000985408333,22307.5352,0.00400064031
1.62097,85,17637,S,0.00470105,0.000783508333,-17339.6821,0.00179887117
0.364028,86,4926,S,0.00463341,0,0,0
0.366806,87,5001,S,0.00402503,0.000670838333,-23654.559,0.00195629436
0.367222,88,5008,S,0.00846085,0.00141014167,-5352.34458,0.00198942635
0.372083,88,5185,M,0.00996755,0.00166125833,7848.14264,0.0026226033
0.381667,88,5437,M,0.0105684,0,0,0.00203080503
0.38625,88,5585,M,0.00861745,0,0,0.00203468589
0.391528,88,5797,M,0.0086668,0,0,0.00188679966
0.467361,88,7518,S,0.00874455,0,0,0.000293424778
0.4975,88,8119,M,0.0089562,0,0,0.000143215757
0.5025,88,8208,S,0.0086717,0.00144528333,-5095.20637,0.00191623031
0.520694,88,8586,M,0.00882095,0,0,0.00123986799
0.526389,88,8685,M,0.00902005,0,0,0.00106618508
0.531944,88,8797,M,0.00898825,0,0,0.00091946156
0.541667,88,8958,S,0.00822805,0.00137134167,-5659.52904,0.00131467676
0.547083,88,9034,M,0.00788765,0.00131460833,12533.2855,0.00538782972
0.555556,88,9209,S,0.00741585,0.001235975,-6967.2364,0.00448892534
0.574583,88,9590,M,0.00763065,0.001271775,13391.8256,0.00321320241
0.583194,88,9790,M,0.0081456,0,0,0.00228382512
0.588611,88,9916,M,0.00746245,0,0,0.00231557874
0.596944,88,10177,M,0.00680405,0,0,0.00195780216
0.601389,88,10246,M,0.00692905,0.00115484167,16241.4096,0.00495014777
0.609028,88,10378,M,0.0073071,0,0,0.00359578094
0.616667,88,10581,M,0.0071807,0,0,0.00293719204
0.622639,88,10685,M,0.00736865,0,0,0.00216825962
0.659722,88,11378,M,0.0071664,0,0,0.00079111089
0.666667,88,11500,M,0.0072374,0,0,0.000630214011
0.673333,88,11592,M,0.00704975,0,0,0.000527411158
0.680556,88,11719,S,0.0067881,0.00113135,-8315.6024,0.00172728209
0.687361,88,11832,S,0.00685145,0,0,0.00146786482
0.694306,88,11983,M,0.00718785,0.000416,15092.8017,0.000827848576
0.694722,88,11990,S,0.0067235,0.00112058333,-8476.18138,0.00318416069
0.826111,88,13410,M,0.0072092,0,0,4.76587069e-05
0.829722,88,13423,S,0.0062885,0.00104808333,-9689.54381,0.00198042586
1.19958,88,15607,M,0.0069137,0,0,4.83537334e-09
1.20139,88,15619,M,0.0067235,0,0,7.29321215e-09
1.20181,88,15622,S,0.005705,0.000950833333,-11773.2478,0.00195904955
1.26792,88,15857,M,0.00602615,0,0,0.000143732066
1.28431,88,15936,M,0.0058269,0,0,8.14395155e-05
1.29014,88,15986,S,0.00541925,0.000903208333,-13047.7299,0.0019332238
0.367222,89,5010,N,0.00359392,0.000598986667,-29671.1807,0.00195011636
0.3675,90,5012,S,0.00578315,0.000963858333,-11457.1657,0.0020559585
0.372222,90,5187,S,0.00470105,0.000783508333,-17339.6821,0.00387240007
0.369167,91,5065,N,0.00385911,0.000643185,-25732.7042,0.00195902612
0.371111,92,5140,S,0.0037575,0.00062625,-27143.5174,0.00195455081
0.373333,93,5230,N,0.00341392,0.000568986667,-32883.2009,0.00195006894
0.373611,94,5236,S,0.00602615,0.00100435833,-10551.6868,0.00201253646
0.394028,94,5865,M,0.0059853,0.00099755,21767.744,0.00359748814
0.400972,94,6122,S,0.00548125,0.000913541667,-12754.1879,0.00324196335
0.437083,94,6952,M,0.0062321,0,0,0.000302310291
0.456806,94,7301,M,0.00593345,0,0,0.000149869626
0.464583,94,7455,S,0.0057163,0.000952716667,-11726.7412,0.00190386615
0.472222,94,7627,S,0.00638935,0,0,0.00126412233
0.472917,94,7648,S,0.00636215,0,0,0.00122793366
0.485694,94,7853,M,0.00692905,0.00115484167,16241.4096,0.00500235886
0.491389,94,7960,M,0.00687495,0,0,0.00420224191
0.498472,94,8142,M,0.0068827,0,0,0.00327745098
0.52,94,8575,S,0.00643415,0,0,0.00150303605
0.527778,94,8713,M,0.00819525,0,0,0.000902479653
0.530833,94,8776,S,0.0077244,0.0012874,-6421.69327,0.0013943781
0.544306,94,9000,M,0.00745585,0,0,0.000986168804
0.560417,94,9307,S,0.0058485,0.00097475,-11202.5249,0.00269141343
0.588333,94,9906,M,0.0062035,0,0,0.000887014518
0.6575,94,11330,M,0.00606645,0,0,6.47121317e-05
0.660139,94,11388,M,0.0062885,0,0,5.85665355e-05
0.378194,95,5363,S,0.006251,0.00104183333,-9806.16185,0.00200967463
0.395833,95,5925,S,0.00701245,0,0,0.00104291981
0.401111,95,6133,S,0.0053558,0.000892633333,-13358.7552,0.00280667084
0.422917,95,6621,M,0.0074492,0,0,0.000882046692
0.427639,95,6727,M,0.0064519,0,0,0.000813640754
0.433472,95,6873,M,0.00675595,0,0,0.000662171503
0.449028,95,7153,M,0.0061843,0,0,0.000368944772
0.677778,95,11663,M,0.00652195,0,0,1.34799166e-07
0.6825,95,11746,S,0.0060464,0.00100773333,-10481.1195,0.0019458375
2.69917,95,18878,M,0.0062698,0.00097,19836.8713,0.00370011154
2.70014,95,18880,S,0.0044735,0.000745583333,-19148.851,0.00743684897
0.378611,96,5369,S,0.00359392,0.000598986667,-29671.1807,0.00195236227
0.381528,97,5432,S,0.0075797,0,0,1.79644517e-06
0.387917,97,5656,M,0.00773055,0.001288425,13047.9118,0.00419317327
0.390556,97,5761,S,0.00652195,0.00108699167,-9008.22012,0.00493910202
0.423056,97,6626,M,0.0066825,0,0,0.00169570251
0.428194,97,6743,S,0.0058377,0.00097295,-11244.0186,0.00262369703
0.443472,97,7062,M,0.00638935,0,0,0.00141939993
0.446667,97,7130,S,0.00627915,0.001046525,-9718.42512,0.00268058722
0.476528,97,7706,M,0.00599555,0,0,0.00114118705
0.485278,97,7847,M,0.0062226,0,0,0.000828190501
0.492222,97,7974,S,0.00586995,0.000978325,-11120.7919,0.00138638852
0.519167,97,8559,M,0.0060464,0,0,0.000479213857
0.574861,97,9601,M,0.0061939,0,0,5.44965993e-05
0.583056,97,9787,M,0.00624155,0,0,4.01354913e-05
0.587361,97,9881,M,0.00606645,0,0,3.51268175e-05
0.592361,97,10054,S,0.00562465,0.000937441667,-12112.0633,0.0019345377
0.381944,98,5446,M,0.00719495,0,0,0
0.388611,98,5687,M,0.00649585,0,0,0
0.395417,98,5916,M,0.0065564,0,0,0
0.430417,98,6789,M,0.0062698,0,0,0
0.43625,98,6935,M,0.006582,0,0,0
0.444444,98,7084,M,0.0063439,0,0,0
0.450833,98,7189,M,0.00646075,0,0,9.18635583e-08
0.453056,98,7230,S,0.00541925,0.000903208333,-13047.7299,0.00191379803
0.385972,99,5571,S,0.0078099,0.00130165,-6281.84534,0.00201612424
0.402222,99,6180,M,0.00794055,0,0,0.00128730251
0.40375,99,6218,S,0.00833015,0,0,0.00118602645
0.427778,99,6734,M,0.0081456,0,0,0.000623678229
0.436667,99,6944,M,0.0082062,0,0,0.000469083594
0.443611,99,7064,S,0.0072794,0.00121323333,-7230.9078,0.00224102247
0.450694,99,7188,M,0.00748885,0.00124814167,13903.8199,0.00567829914
0.465139,99,7471,M,0.00771205,0,0,0.00361341217
0.468611,99,7546,S,0.0072092,0.00120153333,-7372.43033,0.00338135347
0.489028,99,7911,M,0.007314,0,0,0.00185911092
0.505556,99,8269,S,0.00660745,0,0,0.0011011479
0.532361,99,8802,S,0.006641,0,0,0.000432131629
0.534444,99,8830,S,0.00683575,0,0,0.000434311828
0.539306,99,8932,S,0.00675595,0,0,0.000365042494
0.554306,99,9192,S,0.0068436,0,0,0.000219745399
0.561806,99,9329,S,0.00736865,0,0,0.000149971081
0.622917,99,10692,M,0.0086961,0.00144935,10311.0718,0.00407787616
0.625139,99,10721,S,0.0072724,0.00121206667,-7244.83599,0.00354993321
0.644583,99,11067,M,0.007749,0.0012915,12985.8471,0.00431035709
0.659028,99,11362,M,0.00777955,0,0,0.00290786532
0.662361,99,11415,S,0.0067961,0.00113268333,-8296.03451,0.00404997128
0.728889,99,12501,M,0.0085424,0.00142373333,10685.4875,0.00447192085
0.730972,99,12526,M,0.00859755,0,0,0.0044124004
0.763889,99,12950,M,0.0086471,0,0,0.00200476735
0.765278,99,12958,S,0.00805005,0.001341675,-5912.60211,0.00195432892
0.784306,99,13108,M,0.00794055,0,0,0.000154531248
0.785,99,13114,M,0.0081177,0,0,0.00015957375
0.799861,99,13241,M,0.0087638,0,0,0.000105236247
0.8125,99,13333,M,0.00844535,0,0,7.47335816e-05
0.814722,99,13346,S,0.00791125,0.00131854167,-6121.91011,0.00201480077
0.824583,99,13398,M,0.00820075,0,0,0.001530518
0.827639,99,13411,S,0.00763065,0.001271775,-6580.47116,0.00303746244
0.981389,99,14312,S,0.0068905,0.00114841667,-8070.25658,0.00199556998
0.387917,100,5654,S,0.00397903,0.000663171667,-24204.742,0.00197687203
0.388056,101,5662,S,0.00424068,0.00070678,-21309.5478,0.00196935111
0.388889,102,5694,S,0.00452806,0.000754676667,-18690.0981,0.00193305456
0.395,102,5900,M,0.0055658,0.000927633333,25173.1701,0.00386990101
0.398472,102,6036,S,0.00514185,0.000856975,-14493.7484,0.00334264444
0.391528,103,5794,S,0.00493887,0.000823145,-15709.7513,0.00196432164
0.392917,104,5830,N,0.00404765,0.000674608333,-23390.8676,0.0019740268
0.408333,104,6338,M,0.00459882,0,0,0.000709066043
0.412778,104,6448,S,0.00341392,0.000568986667,-32883.2009,0.00162146781
0.394028,105,5862,S,0.00475054,0.000791756667,-16980.2287,0.00196609581
0.408056,105,6328,M,0.00526435,0,0,0.000990251793
0.394583,106,5884,S,0.00459882,0.00076647,-18119.2823,0.00195742123
0.395833,107,5928,N,0.00289707,0.000482845,-45666.2443,0.00194399639
0.397639,108,6002,S,0.00522415,0,0,0
0.398472,109,6035,S,0.0044735,0.000745583333,-19148.851,0.00196365391
0.4,110,6089,S,0.00417831,0.000696385,-21950.5856,0.00195630073
0.400417,111,6106,N,0.00341392,0.000568986667,-32883.2009,0.0019495422
0.400972,112,6130,N,0.00294033,0.000490055,-44332.0653,0.00195715875
0.401667,113,6154,S,0.009767,0,0,4.09080929e-08
0.405139,113,6266,S,0.00853735,0.00142289167,-5256.84564,0.00199911939
0.402083,114,6164,S,0.00498378,0.00083063,-15427.8582,0.00197550036
0.409583,114,6365,S,0.0053039,0,0,0.00133952633
0.415694,114,6477,S,0.0053429,0,0,0.00101575272
0.402778,115,6191,S,0.00573875,0,0,4.05729056e-06
0.406667,115,6297,M,0.00514185,0.000856975,29496.0264,0.00398853011
0.402778,116,6192,M,0.0062321,0,0,0
0.416528,116,6494,M,0.0067072,0,0,0
0.423611,116,6642,M,0.00608645,0,0,7.36177516e-07
0.424028,116,6651,S,0.00445501,0.000742501667,-19308.1567,0.00179822448
0.40375,117,6217,S,0.00470105,0,0,0
0.404861,118,6260,N,0.00404765,0.000674608333,-23390.8676,0.00195572174
0.405972,119,6283,S,0.0042201,0.00070335,-21517.929,0.00196529171
0.406528,120,6296,N,0.00310175,0.000516958333,-39836.8988,0.00196091528
0.407639,121,6316,N,0.00341392,0.000568986667,-32883.2009,0.00194794638
0.408194,122,6334,S,0.00561295,0,0,1.59940015e-07
0.472222,122,7625,S,0.00452806,0.000695,-18690.0981,0.00157650431
0.472917,122,7650,S,0.00476681,0,0,0.00157172898
0.408889,123,6345,M,0.005975,0,0,0
0.437361,123,6957,M,0.00635305,0,0,5.20684874e-07
0.457361,123,7314,S,0.0055057,0.000917616667,-12641.1458,0.00198207903
0.465278,123,7474,S,0.0050855,0,0,0.00160735704
0.468611,123,7549,S,0.00505685,0,0,0.00141262001
0.761944,123,12919,M,0.00572755,0.000954591667,23771.2581,0.0041100089
0.7775,123,13074,S,0.00473416,0.000789026667,-17097.9516,0.00329194504
0.409444,124,6363,N,0.00356517,0.000594195,-30151.7517,0.0020584677
0.411528,124,6420,M,0.00270963,0,0,0.00195388169
0.409583,125,6364,S,0.00426107,0.000710178333,-21106.0615,0.00195511032
0.410417,126,6389,N,0.00478297,0.000797161667,-16750.7127,0.00197013975
0.426528,126,6705,M,0.0044735,0,0,0.000976955063
0.411667,127,6422,S,0.00452806,0.000754676667,-18690.0981,0.00195355175
0.411667,128,6424,N,0.00310175,0.000516958333,-39836.8988,0.0019431473
0.4125,129,6442,S,0.00367754,0.000612923333,-28336.9362,0.00195287028
0.414861,130,6466,N,0.00310175,0.000516958333,-39836.8988,0.00194069819
0.415694,131,6476,S,0.00452806,0,0,0
0.416528,132,6493,M,0.00548125,0,0,9.73795234e-07
0.417361,132,6510,S,0.00402503,0.000670838333,-23654.559,0.00177439503
0.417361,133,6511,S,0.0037575,0.00062625,-27143.5174,0.00197099022
0.419722,134,6548,S,0.00404765,0.000674608333,-23390.8676,0.0019752518
0.419861,135,6556,N,0.00397903,0.000663171667,-24204.742,0.00196675652
0.421111,136,6578,S,0.00404765,0.000674608333,-23390.8676,0.00195287363
0.421806,137,6596,N,0.00310175,0.000516958333,-39836.8988,0.00194692961
0.422917,138,6623,N,0.00310175,0.000516958333,-39836.8988,0.00194355918
0.423194,139,6628,S,0.00397903,0.000663171667,-24204.742,0.00194747585
0.423194,140,6632,N,0.00404765,0.000674608333,-23390.8676,0.00193617446
0.423333,141,6636,N,0.0027589,0.000459816667,-50356.1024,0.00193839266
0.424028,142,6649,S,0.00515575,0.000859291667,-14415.6921,0.00196448267
0.424028,143,6650,S,0.00397903,0.000663171667,-24204.742,0.00195238807
0.553056,143,9169,M,0.00424068,0,0,9.2812201e-07
0.594028,143,10120,M,0.00430127,0,0,1.07047555e-06
0.631944,143,10860,S,0.00397903,0.000663171667,-24204.742,0.00190726227
0.635,143,10924,M,0.005251,0.000875166667,28282.3679,0.00540312148
0.426111,144,6692,N,0.00310175,0.000516958333,-39836.8988,0.00194091586
0.426528,145,6704,S,0.00411402,0.00068567,-22642.1132,0.00195979625
0.428333,146,6745,N,0.0028525,0.000475416667,-47104.8171,0.00195821109
0.430278,147,6780,S,0.0052908,0,0,7.75322462e-07
0.497778,147,8126,M,0.0061939,0.00103231667,20326.0686,0.00405010812
0.553333,147,9175,M,0.0067801,0,0,0.000541279558
0.556944,147,9231,S,0.0062885,0.00104808333,-9689.54381,0.00196893872
0.578056,147,9645,S,0.00557765,0.000929608333,-12317.0741,0.00246557738
0.610694,147,10432,M,0.006016,0,0,0.000649687223
0.618056,147,10595,S,0.0058269,0.00097115,-11285.7434,0.00248350065
0.620417,147,10640,S,0.00573875,0,0,0.00233997685
0.630278,147,10804,S,0.00573875,0.000956458333,-11635.1592,0.00293829716
0.767222,147,12977,M,0.0054935,0,0,1.71374664e-05
1.16583,147,15477,M,0.00576105,0,0,2.97392027e-12
1.17278,147,15512,M,0.00607645,0,0,1.99324923e-12
1.175,147,15520,S,0.00470105,0.000783508333,-17339.6821,0.00188355953
0.430278,148,6781,S,0.0049689,0.00082815,-15520.4112,0.00198701591
0.430278,149,6786,N,0.00356517,0.000594195,-30151.7517,0.0020026626
0.472222,149,7628,M,0.00507125,0,0,7.53008243e-05
0.476528,149,7705,S,0.00518335,0,0,5.68688772e-05
0.484444,149,7831,M,0.00865695,0.001442825,10404.5516,0.00385563975
0.50125,149,8191,M,0.0100448,0,0,0.0023778574
0.512639,149,8417,M,0.0103115,0,0,0.00154970203
0.518889,149,8551,M,0.0103632,0,0,0.001366878
0.527361,149,8706,M,0.0104718,0,0,0.00113128112
0.530278,149,8758,M,0.0104416,0,0,0.0010986164
0.536111,149,8861,M,0.0105519,0,0,0.000985329198
0.548056,149,9055,M,0.0108165,0,0,0.000731768829
0.554861,149,9204,S,0.0106144,0.00176906667,-3400.68366,0.00261241338
0.5625,149,9344,M,0.0104685,0,0,0.00241802728
0.56625,149,9424,M,0.0107913,0,0,0.00215045328
0.576111,149,9618,M,0.0107849,0,0,0.00178607637
0.583333,149,9795,M,0.0108605,0,0,0.00152692547
0.589444,149,9939,M,0.0108071,0,0,0.00137473848
0.597222,149,10182,S,0.0100739,0.00167898333,-3775.41772,0.00242594344
0.602778,149,10266,M,0.0102837,0.00171395,7372.97934,0.00413320391
0.610278,149,10413,S,0.00977085,0.001628475,-4013.26192,0.00526018015
0.621528,149,10660,S,0.0096695,0,0,0.00456213708
0.630833,149,10820,M,0.00917145,0,0,0.00409300072
0.632222,149,10872,M,0.008854,0,0,0.00402823413
0.643194,149,11051,M,0.0098966,0,0,0.00304188486
0.652778,149,11248,S,0.008033,0,0,0.0030611599
0.659722,149,11379,M,0.00947655,0,0,0.00202760042
0.666389,149,11495,M,0.0091407,0,0,0.00183395741
0.673611,149,11598,M,0.00872525,0,0,0.00164819514
0.679583,149,11701,M,0.00827135,0,0,0.00153745541
0.685833,149,11815,S,0.00746905,0.00124484167,-6868.32898,0.00284050241
0.705833,149,12160,M,0.0070274,0,0,0.00171518614
0.714167,149,12317,M,0.00682785,0,0,0.00139955333
0.716944,149,12351,M,0.00638935,0,0,0.00131603054
0.727917,149,12487,M,0.00745585,0,0,0.000757253635
0.735972,149,12597,M,0.00667425,0,0,0.000649907845
0.742917,149,12685,M,0.00817325,0,0,0.00039673722
0.749861,149,12768,M,0.0089378,0,0,0.000292640018
0.756528,149,12833,M,0.00883045,0.00147174167,9999.67997,0.00435734334
0.763056,149,12937,M,0.0087349,0,0,0.00383683532
0.770694,149,13016,M,0.00853735,0,0,0.00329011603
0.777778,149,13080,S,0.0084557,0,0,0.00149160515
0.777917,149,13082,M,0.00846595,0.000862836148,10879.3615,0.00357718109
0.79125,149,13155,M,0.008512,0,0,0.00217475608
0.798611,149,13221,M,0.0083142,0,0,0.00192347749
0.800417,149,13251,S,0.0069672,0.0011612,-7893.53007,0.00397282541
0.863889,149,13510,M,0.0068827,0,0,0.000581898505
0.871528,149,13539,M,0.00689825,0,0,0.000453481811
0.89375,149,13684,M,0.00790535,0.00131755833,12477.2194,0.00412524315
0.902778,149,13727,S,0.0076433,0.00127388333,-6558.7052,0.00328740787
0.909583,149,13759,M,0.00752155,0.00125359167,13783.1773,0.00358838859
0.916667,149,13832,M,0.0075475,0,0,0.00311403336
0.923194,149,13903,M,0.0073822,0,0,0.00265858668
0.929583,149,13980,M,0.007152,0,0,0.00231604406
0.933333,149,14024,S,0.0072021,0,0,0.00204048964
0.960139,149,14160,M,0.00673165,0,0,0.000892451857
1.02944,149,14712,M,0.00365009,0,0,0.000178221716
1.03361,149,14755,M,0.00306297,0,0,0.000206633448
0.431528,150,6818,N,0.00341392,0.000568986667,-32883.2009,0.00195517127
0.434861,151,6910,N,0.00289707,0.000482845,-45666.2443,0.00195159581
0.435,152,6916,S,0.00428127,0.000713545,-20907.3318,0.00195341327
0.437639,153,6964,S,0.00475054,0.000791756667,-16980.2287,0.00196152344
0.439028,154,6992,N,0.00370457,0.000617428333,-27924.8506,0.00195055677
0.441944,155,7032,S,0.00417831,0.000696385,-21950.5856,0.00195922246
0.443194,156,7055,S,0.0053429,0.000890483333,-13423.349,0.00197694396
0.527639,156,8710,S,0.00539405,0,0,5.81433795e-05
0.529306,156,8733,M,0.00638935,0.00106489167,19101.406,0.00408264919
0.535,156,8841,M,0.00644305,0,0,0.00304016116
0.551944,156,9141,M,0.00656495,0,0,0.00169461582
0.559306,156,9282,M,0.0063163,0,0,0.00125225444
0.562778,156,9354,M,0.0064163,0,0,0.00111709313
0.574444,156,9587,M,0.006251,0,0,0.000752465097
0.582917,156,9782,S,0.00548125,0.000913541667,-12754.1879,0.00252073047
0.595278,156,10144,M,0.00492373,0,0,0.00159838563
0.599583,156,10213,M,0.00515575,0,0,0.00130618438
0.643056,156,11050,M,0.00579415,0,0,0.000156543991
0.899028,156,13711,M,0.0060058,0.00100096667,21619.3773,0.00410648201
0.919583,156,13858,M,0.0057721,0,0,0.00193336389
0.935139,156,14036,M,0.0060058,0,0,0.00102697781
0.954722,156,14147,M,0.0059543,0,0,0.000447395225
0.445556,157,7112,N,0.0037575,0.00062625,-27143.5174,0.0019548022
0.445694,158,7115,S,0.00538135,0.000896891667,-13232.188,0.00197610031
0.447778,159,7139,S,0.00409214,0.000682023333,-22884.9305,0.00194747778
0.451528,160,7200,S,0.00479902,0.000799836667,-16638.8402,0.0019734164
0.452361,161,7217,S,0.00310175,0.000516958333,-39836.8988,0.00194096339
0.453056,162,7229,S,0.00434074,0.000723456667,-20338.2841,0.00197924433
0.453611,163,7238,S,0.00383421,0.000639035,-26068.0773,0.00194799886
0.455833,164,7276,S,0.00388369,0.000647281667,-25407.9491,0.00194612135
0.457361,165,7313,S,0.00486217,0.000810361667,-16209.3727,0.00195666964
0.4625,166,7404,S,0.00341392,0.000568986667,-32883.2009,0.00194955886
0.464306,167,7447,S,0.00478297,0.000797161667,-16750.7127,0.00196000132
0.464583,168,7454,S,0.00310175,0.000516958333,-39836.8988,0.00194425359
0.467361,169,7519,S,0.0051696,0.0008616,-14338.5421,0.00201817272
0.475833,169,7685,S,0.0041571,0.00069285,-22175.1846,0.00344173408
0.468611,170,7547,S,0.00478297,0.000797161667,-16750.7127,0.00197917693
0.468611,171,7548,S,0.00468432,0,0,0
0.5275,171,8709,M,0.00390797,0,0,0
0.531389,171,8788,M,0.00479902,0,0,2.38946022e-07
0.534722,171,8832,S,0.00370457,0.000617428333,-27924.8506,0.0019382136
0.535694,171,8848,S,0.00413567,0,0,0.00185442486
0.469444,172,7574,S,0.0049689,0,0,0
0.472639,173,7644,N,0.00341392,0.000568986667,-32883.2009,0.00194692259
0.472917,174,7647,S,0.00404765,0,0,0
0.475833,175,7686,S,0.00404765,0.000674608333,-23390.8676,0.00196091931
0.47625,176,7694,N,0.00344524,0.000574206667,-32287.9259,0.00196979116
0.478611,177,7738,M,0.0130547,0,0,0
0.486111,177,7857,M,0.0133029,0,0,0
0.492639,177,7987,M,0.0134471,0,0,2.05135113e-08
0.493472,177,8012,S,0.0126441,0.00210735,-2396.46936,0.00204382488
0.506806,177,8288,M,0.0159784,0.00266306667,3053.89197,0.0044186512
0.512917,177,8421,S,0.0127674,0.0021279,-2350.40293,0.00561384557
0.520417,177,8583,M,0.0122323,0,0,0.0053042807
0.534722,177,8833,S,0.0119989,0.00199981667,-2661.13865,0.00599894897
0.541389,177,8955,M,0.0125162,0,0,0.00523721007
0.548611,177,9060,S,0.0119809,0.00199681667,-2669.14128,0.00425690686
0.553611,177,9179,M,0.0124356,0,0,0.00331897792
0.5625,177,9342,S,0.0123806,0,0,0.002661986
0.568056,177,9459,M,0.0122051,0.00203418333,5234.19146,0.00617048564
0.572083,177,9521,S,0.0094601,0.00157668333,-4281.27213,0.00782017562
0.583194,177,9791,M,0.0117559,0,0,0.00578089834
0.590278,177,9960,S,0.0094146,0.0015691,-4322.75738,0.00566785385
0.610694,177,10433,M,0.00979015,0,0,0.0021725232
0.616944,177,10582,M,0.00936025,0,0,0.00201651872
0.624167,177,10712,S,0.0091407,0.00152345,-4585.7215,0.00162326888
0.636667,177,10950,M,0.00922805,0,0,0.000344687017
0.735694,177,12592,M,0.00920635,0,0,3.26362094e-05
0.740694,177,12654,M,0.008759,0,0,2.91907176e-05
0.763333,177,12944,S,0.00825515,0.00137585833,-5622.42863,0.00196237648
0.853472,177,13459,M,0.00860255,0,0,0.000224325585
0.894722,177,13687,M,0.00852215,0,0,8.12338555e-05
0.946667,177,14093,M,0.00853735,0,0,2.20333108e-05
0.957917,177,14156,M,0.008854,0,0,1.59084392e-05
0.975694,177,14221,M,0.00893315,0,0,1.04459536e-05
1.01375,177,14584,M,0.00872525,0,0,4.57405966e-06
1.01889,177,14615,M,0.00856755,0,0,4.08853806e-06
1.02764,177,14680,M,0.00868145,0,0,3.1850014e-06
1.03319,177,14747,M,0.00891465,0,0,2.70797334e-06
1.03472,177,14764,M,0.008759,0,0,2.84493884e-06
1.04167,177,14788,S,0.0085575,0.00142625,-5232.11656,0.00200776847
1.04319,177,14795,S,0.00833545,0,0,0.00197964722
1.055,177,14829,M,0.00834075,0,0,0.0015375903
1.0575,177,14846,S,0.00805005,0.001341675,-5912.60211,0.00144392787
1.08944,177,15128,M,0.00859255,0.00139,10561.1105,0.0039718263
1.09083,177,15133,S,0.0081456,0.0013576,-5774.69091,0.00567341163
1.10097,177,15159,M,0.0082821,0,0,0.00459770297
1.11806,177,15201,S,0.00777955,0,0,0.00315265427
1.11875,177,15204,S,0.0078817,0,0,0.00312762755
1.15875,177,15415,M,0.00874455,0.001457425,10197.1201,0.00354704064
1.16667,177,15483,M,0.0082928,0,0,0.00325083246
1.17264,177,15511,M,0.0085069,0,0,0.00258588823
1.18208,177,15545,S,0.00842985,0,0,0.00203841534
1.20806,177,15641,M,0.00840385,0,0,0.000946405171
1.21319,177,15677,M,0.0087107,0,0,0.000803507063
1.21764,177,15696,M,0.00865205,0,0,0.000713595897
1.23583,177,15733,M,0.0084402,0,0,0.000449696031
1.24292,177,15747,M,0.00855245,0,0,0.000359028944
1.24903,177,15770,M,0.00855245,0,0,0.000333344214
1.25694,177,15792,M,0.00642525,0,0,0.000331170445
0.483889,178,7820,S,0.00490848,0,0,0
0.484167,179,7823,M,0.00539405,0,0,0
0.485833,180,7854,M,0.00561295,0,0,2.64163512e-06
0.51375,180,8430,M,0.0065306,0.00108843333,18283.9666,0.00408941102
0.517222,180,8511,M,0.0065392,0,0,0.00372062669
0.489444,181,7920,M,0.0053429,0,0,0
0.493056,182,7996,M,0.0064871,0,0,0
0.499583,182,8162,M,0.00726545,0,0,6.45218467e-07
0.506944,182,8291,M,0.00732775,0.000949931697,14521.9499,0.00226862281
0.508889,182,8331,S,0.0069137,0,0,0.00220405702
0.523889,182,8636,M,0.00656495,0,0,0.00139813089
0.530556,182,8767,M,0.006666,0,0,0.00108570684
0.539306,182,8930,S,0.00602615,0.00100435833,-10551.6868,0.0013952462
0.548194,182,9057,S,0.00627915,0,0,0.000965211114
0.631806,182,10855,M,0.006582,0,0,4.5802955e-05
0.659167,182,11363,S,0.0058485,0.00097475,-11202.5249,0.00196040007
0.665417,182,11474,S,0.0058377,0.00097295,-11244.0186,0.00179799347
0.669583,182,11543,M,0.006812,0.00113533333,16804.414,0.00435829783
0.693611,182,11965,M,0.00701245,0,0,0.00172648732
0.699583,182,12079,M,0.0066825,0,0,0.00158415871
0.700556,182,12088,S,0.006016,0.00100266667,-10587.326,0.00294574847
1.38347,182,16625,M,0.0065564,0,0,7.15301695e-14
1.39375,182,16645,M,0.00656495,0,0,2.87236155e-07
1.39778,182,16653,S,0.00562465,0.000937441667,-12112.0633,0.00192695566
0.496528,183,8083,S,0.00471767,0.000786278333,-17217.706,0.00197905169
0.496806,184,8089,S,0.00476681,0.000794468333,-16864.4958,0.00198348452
0.497222,185,8105,S,0.00370457,0.000617428333,-27924.8506,0.00197103558
0.498611,186,8143,S,0.00341392,0.000568986667,-32883.2009,0.00195365809
0.498611,187,8144,S,0.00419931,0.000699885,-21731.5554,0.0019634927
0.5,188,8170,M,0.00567085,0,0,1.48393861e-07
0.558472,188,9264,S,0.00470105,0.000783508333,-17339.6821,0.00195909439
0.57625,188,9620,M,0.00624155,0.00104025833,20016.8665,0.00394725938
0.603472,188,10279,M,0.0059853,0,0,0.00144561374
0.610417,188,10418,S,0.0055658,0.000927633333,-12369.5846,0.00262701746
1.94639,188,18153,M,0.00507125,0,0,4.61605899e-07
1.96528,188,18206,S,0.00443638,0.000739396667,-19470.6876,0.00195569269
1.96778,188,18213,S,0.00441757,0,0,0.00177740045
0.500833,189,8183,S,0.00404765,0.000674608333,-23390.8676,0.00196121164
0.504306,190,8250,S,0.0055658,0,0,0
0.548194,190,9059,M,0.0059853,0,0,0
0.555,190,9206,M,0.005975,0,0,0
0.55625,190,9223,M,0.00526435,0,0,0
0.505556,191,8268,S,0.00441757,0.000736261667,-19636.8799,0.00195380826
0.50625,192,8280,N,0.00356517,0.000594195,-30151.7517,0.00196092753
0.508889,193,8332,S,0.00568225,0,0,0
0.540417,193,8950,M,0.00569365,0,0,0
0.548194,193,9058,M,0.00612595,0,0,6.23710914e-07
0.553194,193,9173,S,0.00522415,0.000870691667,-14040.6218,0.00196534177
0.511944,194,8399,N,0.00397903,0.000663171667,-24204.742,0.00195413793
0.513889,195,8431,S,0.0123758,0.00206263333,-2501.5099,0.00201502766
0.517639,195,8519,S,0.0121554,0.0020259,-2593.0518,0.00373169861
0.562222,195,9335,M,0.0129523,0.00215871667,4647.67292,0.0025114468
0.569444,195,9472,M,0.013259,0.00220983333,4435.13348,0.00621495497
0.589861,195,9950,M,0.0127809,0,0,0.00476523095
0.592778,195,10082,S,0.0111789,0.00186315,-3065.88621,0.00703793588
0.603472,195,10280,M,0.0115359,0,0,0.00614670944
0.615972,195,10558,S,0.0114213,0.00190355,-2937.12152,0.00447864645
0.631667,195,10853,M,0.0118196,0.00196993333,5581.21037,0.00623827528
0.645833,195,11084,M,0.0118222,0,0,0.00485941541
0.650694,195,11197,S,0.011393,0.00189883333,-2951.73207,0.00436374636
0.694167,195,11982,M,0.0114269,0,0,0.00109431358
0.699861,195,12083,S,0.0112025,0.00186708333,-3052.98136,0.00191445979
0.708056,195,12217,S,0.0108071,0.00180118333,-3280.48268,0.00252111217
0.721528,195,12406,M,0.0110537,0,0,0.00202059847
0.725972,195,12466,S,0.0100339,0.00167231667,-3805.58117,0.00294972897
0.784444,195,13110,M,0.0105419,0,0,0.000951879205
0.78625,195,13117,M,0.0108039,0,0,0.000910606105
0.825139,195,13404,M,0.0106502,0,0,0.000438993403
0.863194,195,13507,M,0.010904,0,0,0.000186014621
0.874861,195,13560,M,0.0110688,0,0,0.000140024446
0.881528,195,13615,M,0.0109411,0,0,0.000121676354
0.883889,195,13629,S,0.0102277,0.00170461667,-3662.71722,0.00206117241
0.916389,195,13826,M,0.0100667,0,0,0.00114217804
0.921806,195,13891,M,0.0099266,0,0,0.00102562777
0.925556,195,13923,M,0.0099564,0,0,0.00096485023
0.935972,195,14043,M,0.0101174,0,0,0.000763618952
0.9775,195,14251,S,0.00904715,0.00150785833,-4681.05462,0.0022520533
0.990278,195,14403,M,0.0100739,0.00167898333,7683.30023,0.00423887545
1.06222,195,14867,M,0.0100885,0,0,0.000956086622
1.06944,195,14949,S,0.0091539,0.00152565,-4572.5047,0.00257730614
1.07181,195,14976,S,0.0092107,0,0,0.00250132407
1.08069,195,15081,M,0.0095133,0.00140786283,8615.57624,0.00202471528
1.08764,195,15117,S,0.00907855,0,0,0.000954793348
1.09667,195,15147,M,0.00956995,0.00159499167,8513.86952,0.00433979659
1.10361,195,15162,M,0.00996015,0,0,0.00365697545
1.10667,195,15167,S,0.0092367,0.00153945,-4490.88777,0.00554043165
1.11667,195,15196,M,0.0094312,0,0,0.00463418337
1.16528,195,15473,S,0.00921505,0.00153584167,-4512.01615,0.0016611619
1.2775,195,15890,M,0.0096458,0,0,4.53367314e-05
1.28375,195,15933,M,0.00972435,0,0,3.87010753e-05
1.28653,195,15946,S,0.0094146,0.0015691,-4322.75738,0.00203162508
1.30944,195,16081,S,0.0097786,0,0,0.00119824326
1.31931,195,16198,M,0.00972825,0.001621375,8239.02506,0.00450201473
1.32611,195,16261,M,0.00953765,0,0,0.00396095334
1.33333,195,16353,M,0.0096616,0,0,0.00324990047
1.33847,195,16403,M,0.0093476,0,0,0.00306631368
1.34625,195,16475,M,0.00933915,0,0,0.00259993654
1.36014,195,16512,S,0.00841425,0.001402375,-5411.79879,0.00335481938
1.45042,195,16790,M,0.0095133,0.00158555,8615.57624,0.00386782697
1.45819,195,16807,M,0.009456,0,0,0.00341222255
1.46194,195,16848,M,0.009614,0,0,0.00305760785
1.46917,195,16932,M,0.00965765,0,0,0.00249834388
1.48486,195,17033,M,0.0091758,0,0,0.00190481759
1.51306,195,17165,M,0.00936865,0,0,0.000945140155
0.515556,196,8469,S,0.00413567,0.000689278333,-22405.6325,0.00196086735
0.874583,196,13557,M,0.0053039,0.000883983333,27720.941,0.003994071
0.88125,196,13612,M,0.00561295,0,0,0.00292751054
0.888333,196,13664,M,0.0054067,0,0,0.00233723835
0.903472,196,13733,S,0.00443638,0.000739396667,-19470.6876,0.00255843899
0.916667,196,13831,M,0.00487771,0.000812951667,32777.5826,0.00276880575
0.930417,196,13991,S,0.0043602,0.0007267,-20157.116,0.00320136984
0.931944,196,14007,S,0.00424068,0.00070678,-21309.5478,0.00446841736
0.515694,197,8479,N,0.00461618,0.000769363333,-17983.2356,0.00195422161
0.517361,198,8513,S,0.00367754,0.000612923333,-28336.9362,0.00195440105
0.519444,199,8562,N,0.00310175,0.000516958333,-39836.8988,0.00193993434
0.52,200,8576,M,0.0054935,0.000915583333,25840.2265,0.00407511304
0.527639,200,8712,M,0.0054935,0,0,0.00299312759
0.624861,200,10720,M,0.0055299,0,0,4.82290308e-05
0.628611,200,10770,S,0.00451002,0.00075167,-18839.9411,0.00189109193
0.520278,201,8582,S,0.00341392,0.000568986667,-32883.2009,0.00195427771
0.520833,202,8587,M,0.005197,0,0,8.29998269e-07
0.523194,202,8623,S,0.00452806,0.000754676667,-18690.0981,0.00194872556
0.523889,203,8635,S,0.00341392,0.000568986667,-32883.2009,0.00194617446
0.527778,204,8714,N,0.00310175,0.000516958333,-39836.8988,0.00194130163
0.530972,205,8783,N,0.00367754,0.000612923333,-28336.9362,0.00192687389
0.5325,206,8804,N,0.00310175,0.000516958333,-39836.8988,0.00194351006
0.535694,207,8849,S,0.0037575,0,0,0
0.539306,208,8931,S,0.00390797,0.000651328333,-25093.156,0.00195292415
0.539306,209,8933,S,0.00407001,0.000678335,-23134.5171,0.00194964259
0.547639,209,9047,S,0.00367754,0.000612923333,-28336.9362,0.00334295011
0.540833,210,8952,S,0.00449183,0.000748638333,-18992.862,0.00197246746
0.541806,211,8962,N,0.0028525,0.000475416667,-47104.8171,0.00195252174
0.541806,212,8963,N,0.00397903,0.000663171667,-24204.742,0.00196074784
0.546944,213,9032,S,0.00624155,0.00104025833,-9835.88173,0.00198979445
0.558889,213,9276,M,0.0062604,0,0,0.00135457106
0.568611,213,9465,M,0.0062226,0,0,0.000989569085
0.570972,213,9500,S,0.0053429,0.000890483333,-13423.349,0.00099655765
0.623611,213,10701,S,0.00499856,0.000833093333,-15336.7442,0.00194049839
0.709167,213,12238,M,0.00565935,0.000943225,24347.7116,0.00413916909
0.736111,213,12600,M,0.005975,0,0,0.00121727682
0.738611,213,12634,M,0.0058051,0,0,0.00112102911
0.747083,213,12724,S,0.0051279,0.00085465,-14572.7247,0.00225387321
1.00625,213,14540,M,0.0055057,0,0,1.27134877e-06
1.01792,213,14603,S,0.00501325,0.000835541667,-15246.9826,0.00195739309
0.548194,214,9056,S,0.00341392,0.000568986667,-32883.2009,0.00195485303
0.549444,215,9083,N,0.00411402,0.00068567,-22642.1132,0.00195064978
0.586389,215,9858,M,0.0051279,0.00085465,29656.7499,0.00391319939
0.617778,215,10593,M,0.00560125,0,0,0.000806265785
0.622083,215,10669,M,0.0053039,0,0,0.00070043727
0.631111,215,10836,M,0.0053039,0,0,0.00049566296
0.6375,215,10958,M,0.00538135,0,0,0.000354962461
0.641667,215,11020,S,0.00430127,0.000716878333,-20713.3223,0.00173187577
0.550972,216,9118,N,0.00310175,0.000516958333,-39836.8988,0.00194669505
0.552361,217,9154,N,0.00334949,0.000558248333,-34160.7109,0.00195365529
0.552778,218,9159,S,0.00341392,0.000568986667,-32883.2009,0.00195423784
0.553194,219,9172,S,0.00367754,0.000612923333,-28336.9362,0.00195255255
0.554583,220,9200,N,0.00383421,0.000639035,-26068.0773,0.00198498064
0.555278,221,9207,S,0.00417831,0,0,0
0.556944,222,9232,S,0.0037575,0.00062625,-27143.5174,0.00195369478
0.557361,223,9245,N,0.00302319,0.000503865,-41934.6895,0.00195417696
0.55875,224,9271,N,0.00331633,0.000552721667,-34847.4215,0.00196374272
0.560417,225,9308,S,0.00567085,0.000945141667,-11915.4903,0.00197667495
1.36056,225,16515,S,0.0057163,0,0,1.43514486e-16
1.36625,225,16543,M,0.006812,0.00113533333,16804.414,0.00406904217
0.561389,226,9326,N,0.00359392,0.000598986667,-29671.1807,0.00196641594
0.574722,226,9597,M,0.00270963,0,0,0.00111116739
0.561944,227,9332,N,0.00395562,0.00065927,-24492.1372,0.0019495226
0.563333,228,9360,S,0.00526435,0.000877391667,-13826.9757,0.00197619494
0.970972,228,14179,M,0.00562465,0,0,8.70943987e-11
0.978611,228,14269,M,0.0058051,0,0,1.26168252e-07
0.981389,228,14315,S,0.00486217,0.000810361667,-16209.3727,0.00191301092
0.987778,228,14387,S,0.00458134,0,0,0.00168227767
1.00125,228,14495,S,0.00481497,0,0,0.000885922106
1.02056,228,14637,S,0.00487771,0,0,0.000330400444
1.1875,228,15570,M,0.00468432,0,0,3.25680579e-06
1.20375,228,15635,S,0.00411402,0.00068567,-22642.1132,0.00194482963
0.565,229,9400,S,0.00490848,0,0,0
0.565833,230,9415,S,0.00606645,0,0,0
0.566806,231,9435,S,0.00470105,0.000783508333,-17339.6821,0.00200012878
0.570972,232,9499,S,0.0037575,0.00062625,-27143.5174,0.00195317639
0.571389,233,9511,N,0.00310175,0.000516958333,-39836.8988,0.00194690275
0.571806,234,9516,S,0.00484654,0.000807756667,-16314.1066,0.00195631644
0.573889,235,9565,S,0.00397903,0,0,0
0.579444,236,9675,N,0.00310175,0.000516958333,-39836.8988,0.00194035296
0.581806,237,9754,M,0.0058377,0,0,0
0.59,237,9953,M,0.0055299,0,0,0
0.617639,237,10592,M,0.00605645,0,0,1.0926947e-07
0.633056,237,10889,S,0.0049689,0.00082815,-15520.4112,0.00195302151
0.5825,238,9770,S,0.00478297,0.000797161667,-16750.7127,0.00198958704
0.587083,238,9872,M,0.00430127,0,0,0.00182046514
0.600556,238,10229,M,0.00463341,0,0,0.000812162027
0.617222,238,10584,M,0.0062226,0.0010371,20138.9829,0.00404233643
0.618472,238,10605,M,0.0060058,0,0,0.00401257937
0.634861,238,10921,S,0.00492373,0.000820621667,-15806.5259,0.0024809097
1.20069,238,15615,M,0.00486217,0,0,7.90036348e-15
0.582778,239,9778,N,0.00236708,0.000394513333,-68412.5019,0.00194830257
0.587917,239,9893,M,0.00321262,0,0,0.000894814048
0.582917,240,9781,S,0.00476681,0.000794468333,-16864.4958,0.00196389638
0.634444,240,10917,S,0.00468432,0.00078072,-17463.7793,0.00185143693
0.649028,240,11155,S,0.00505685,0,0,0.000876333406
0.8325,240,13427,M,0.0057163,0.000952716667,23864.9283,0.00406603477
0.583333,241,9793,S,0.00452806,0.000754676667,-18690.0981,0.00197045337
0.583611,242,9799,N,0.00402503,0.000670838333,-23654.559,0.00195332246
0.587361,243,9879,S,0.00841945,0.00140324167,-5405.11544,0.00203901715
0.593611,243,10104,M,0.0080158,0,0,0.00187026661
0.60375,243,10285,S,0.0071448,0.0011908,-7505.94625,0.00292385771
0.610972,243,10438,M,0.0076747,0.00127911667,13238.524,0.00599965816
0.61625,243,10570,S,0.00704975,0,0,0.00537955494
0.619861,243,10629,S,0.00699745,0,0,0.00492128478
0.63125,243,10839,M,0.00651325,0,0,0.00395776413
0.635833,243,10939,M,0.0068436,0,0,0.00321496362
0.640972,243,11008,S,0.0059019,0.00098365,-11000.6982,0.00443532915
0.671667,243,11573,S,0.00632555,0,0,0.00145228951
0.695694,243,12009,S,0.0063803,0,0,0.000615991863
0.736111,243,12599,S,0.00647835,0,0,0.00014462747
0.588194,244,9898,S,0.00397903,0.000663171667,-24204.742,0.0019477499
0.588611,245,9914,S,0.0050279,0.000837983333,-15158.2479,0.00198897859
0.636389,245,10946,M,0.00452806,0,0,0.00026241541
0.588889,246,9925,N,0.00359392,0.000598986667,-29671.1807,0.00195628679
0.590278,247,9961,M,0.005469,0,0,0
0.595417,247,10148,M,0.0050424,0,0,0
0.601806,247,10252,M,0.00476681,0,0,0
1.57625,247,17481,M,0.0063163,0.00105271667,19545.8392,0.00437935543
1.58208,247,17513,S,0.00514185,0.000856975,-14493.7484,0.00438433524
1.61792,247,17624,S,0.00445501,0.000742501667,-19308.1567,0.00201428301
1.61903,247,17628,S,0.00463341,0,0,0.00205694374
1.76694,247,17934,M,0.00526435,0.000877391667,28139.0864,0.00411921693
1.79792,247,17972,M,0.0055895,0,0,0.000896322401
1.79903,247,17975,S,0.0044735,0.000745583333,-19148.851,0.00229449745
2.39306,247,18632,M,0.00495393,0,0,3.16983216e-16
0.590833,248,9987,N,0.0037575,0.00062625,-27143.5174,0.00194818291
0.590833,249,9990,N,0.00395562,0.00065927,-24492.1372,0.00198384376
0.59125,250,10007,S,0.00522415,0.000870691667,-14040.6218,0.00199200076
0.610278,250,10416,M,0.0052106,0,0,0.000904765359
0.592778,251,10081,S,0.0085069,0.00141781667,-5294.54938,0.00200085777
0.592917,252,10084,S,0.00390797,0.000651328333,-25093.156,0.00195005149
0.59375,253,10111,N,0.00359392,0.000598986667,-29671.1807,0.0019520051
0.595694,254,10154,S,0.00736185,0,0,0
0.611111,254,10439,M,0.00709395,0,0,3.10682816e-07
0.611528,254,10453,S,0.0068593,0.00114321667,-8143.84749,0.00198333071
0.798333,254,13218,M,0.00790535,0.000834,12477.2194,0.00106244039
0.799167,254,13229,S,0.0067801,0.00113001667,-8335.2396,0.00307537536
0.596667,255,10171,S,0.0057721,0.000962016667,-11501.0799,0.00197027928
1.16208,255,15441,M,0.00710855,0.00118475833,15431.4521,0.00409810081
1.1975,255,15600,M,0.0068905,0,0,0.00127936887
1.21528,255,15684,S,0.00616495,0.00102749167,-10081.8522,0.0025091293
1.21653,255,15693,S,0.00624155,0,0,0.00242562573
0.596667,256,10173,N,0.00260531,0.000434218333,-56470.0933,0.00196456321
0.603333,257,10277,S,0.00866185,0,0,0
0.63875,257,10973,M,0.00887275,0,0,9.91174756e-11
0.645833,257,11082,S,0.00846085,0.00141014167,-5352.34458,0.0019962539
0.6525,257,11244,S,0.0085876,0,0,0.00169924967
0.680278,257,11718,M,0.00893315,0,0,0.000852078824
0.684306,257,11784,M,0.0091008,0,0,0.00074122974
0.694306,257,11984,M,0.0087877,0,0,0.000634206911
0.699861,257,12081,S,0.0084967,0.00141611667,-5307.26994,0.00251644565
0.704861,257,12138,M,0.0085776,0,0,0.00229128106
0.710417,257,12255,M,0.0083829,0,0,0.00206826373
0.720833,257,12395,S,0.00736865,0.00122810833,-7056.78848,0.00268276025
0.742778,257,12684,M,0.00747565,0,0,0.00152716687
0.748889,257,12752,S,0.0070719,0.00117865,-7661.50834,0.00327727844
1.03875,257,14778,M,0.00721625,0,0,6.72920131e-07
1.13681,257,15269,M,0.00718785,0,0,3.87294885e-08
1.14097,257,15296,M,0.0069748,0,0,3.39574943e-08
0.607917,258,10344,S,0.00390797,0.000651328333,-25093.156,0.00194940057
0.609861,259,10405,S,0.00664935,0.001108225,-8666.29972,0.00201860707
0.610417,260,10419,S,0.0037575,0.00062625,-27143.5174,0.00194768115
0.613472,261,10493,S,0.00356517,0.000594195,-30151.7517,0.00194744038
0.614583,262,10525,S,0.00367754,0.000612923333,-28336.9362,0.00197282114
0.615694,263,10557,N,0.00310175,0.000516958333,-39836.8988,0.00194040678
0.615972,264,10559,S,0.00310175,0.000516958333,-39836.8988,0.00194633849
0.619583,265,10620,S,0.00388369,0,0,0
0.619861,266,10628,S,0.00501325,0,0,1.40530222e-07
0.877222,266,13583,S,0.0048308,0.000805133333,-16420.6068,0.0019444034
0.904306,266,13736,M,0.00624155,0.00104025833,20016.8665,0.00433492266
0.973194,266,14189,M,0.00612595,0,0,0.000313056187
1.00694,266,14543,M,0.0059019,0,0,9.5811942e-05
1.02931,266,14711,S,0.00538135,0.000896891667,-13232.188,0.00193333198
1.59639,266,17556,M,0.00654785,0.00109130833,18187.7465,0.00411058148
1.6025,266,17571,M,0.00640735,0,0,0.00353827691
1.61069,266,17607,M,0.00633475,0,0,0.00259003385
1.61181,266,17610,S,0.00578315,0.000963858333,-11457.1657,0.0031004372
0.620417,267,10641,S,0.00341392,0.000568986667,-32883.2009,0.00195225319
0.621528,268,10658,S,0.0067801,0,0,0
0.6225,269,10682,N,0.00501325,0.000835541667,-15246.9826,0.00195048539
0.623611,270,10700,S,0.00404765,0.000674608333,-23390.8676,0.00195169925
0.624167,271,10711,S,0.00505685,0.000842808333,-14985.1611,0.00196468946
0.624167,272,10713,S,0.00539405,0,0,0
0.63,272,10800,M,0.00698235,0.001163725,15994.372,0.00404862045
0.638056,272,10965,S,0.00578315,0.000963858333,-11457.1657,0.00476240223
0.628611,273,10769,S,0.00367754,0.000612923333,-28336.9362,0.00195588603
0.630278,274,10805,S,0.00341392,0.000568986667,-32883.2009,0.00195488458
0.631667,275,10847,S,0.0062698,0.00104496667,-9747.43575,0.00196271234
0.634444,275,10915,S,0.0065392,0,0,0.00181967271
0.631667,276,10848,S,0.00367754,0.000612923333,-28336.9362,0.00195289333
0.633056,277,10890,S,0.00424068,0.00070678,-21309.5478,0.00195638967
0.633472,278,10899,N,0.00367754,0.000612923333,-28336.9362,0.00197295826
0.634444,279,10914,S,0.00411402,0,0,0
0.634444,280,10916,S,0.00341392,0.000568986667,-32883.2009,0.00197223228
0.639444,281,10983,N,0.00393194,0.000655323333,-24788.086,0.00196102628
0.641389,282,11014,S,0.00356517,0.000594195,-30151.7517,0.00194928595
0.641667,283,11021,S,0.00341392,0.000568986667,-32883.2009,0.00195122977
0.641806,284,11026,S,0.00704975,0,0,0
0.646944,285,11110,S,0.00365009,0,0,0
0.650694,286,11198,S,0.00310175,0.000516958333,-39836.8988,0.00194024519
0.652917,287,11249,S,0.00443638,0.000739396667,-19470.6876,0.0019600037
0.662361,288,11414,S,0.00492373,0.000820621667,-15806.5259,0.00201771077
0.673333,288,11593,M,0.0052106,0,0,0.00106283279
0.680139,288,11715,M,0.00487771,0,0,0.000865501521
0.68125,288,11729,S,0.00470105,0.000783508333,-17339.6821,0.00122938281
0.662639,289,11420,N,0.00249189,0.000415315,-61729.1718,0.00195523043
0.662917,290,11425,S,0.00428127,0.000713545,-20907.3318,0.00195820928
0.665417,291,11475,S,0.00458134,0.000763556667,-18257.8352,0.00198056859
0.667361,292,11512,S,0.0057721,0.000962016667,-11501.0799,0.00197349814
0.763056,292,12938,M,0.0058913,0,0,5.35578114e-05
0.768056,292,12990,M,0.00545665,0,0,4.67088996e-05
0.880278,292,13604,M,0.005975,0,0,4.46134525e-07
0.884583,292,13636,S,0.0050855,0.000847583333,-14816.7703,0.00191285324
0.671667,293,11572,S,0.00478297,0.000797161667,-16750.7127,0.00195815462
0.6725,294,11584,S,0.00407001,0.000678335,-23134.5171,0.00195774846
0.673611,295,11596,S,0.00367754,0.000612923333,-28336.9362,0.00195331876
0.682361,296,11745,N,0.00390797,0.000651328333,-25093.156,0.00195224791
0.6825,297,11747,S,0.00367754,0.000612923333,-28336.9362,0.00195307234
0.682917,298,11756,N,0.00452806,0.000754676667,-18690.0981,0.00196016109
0.684028,299,11780,N,0.00367754,0.000612923333,-28336.9362,0.0019550173
0.6875,300,11835,S,0.00449183,0.000748638333,-18992.862,0.00194767297
0.694167,300,11981,M,0.0054935,0,0,0.00115134866
0.687639,301,11838,N,0.00397903,0.000663171667,-24204.742,0.00195098176
0.689722,302,11874,S,0.00310175,0.000516958333,-39836.8988,0.00195873785
0.694028,303,11972,S,0.00468432,0,0,0
0.694722,304,11991,S,0.00341392,0.000568986667,-32883.2009,0.00194719038
0.697083,305,12028,N,0.0028525,0.000475416667,-47104.8171,0.00195176725
0.699444,306,12070,S,0.0055895,0.000931583333,-12264.8972,0.00201431522
0.708333,306,12221,S,0.0049689,0,0,0.00153807616
0.715278,306,12332,M,0.0059853,0.00099755,21767.744,0.00435087349
0.722222,306,12411,S,0.0050855,0,0,0.00380874714
0.699861,307,12082,S,0.00461618,0.000769363333,-17983.2356,0.00196248402
0.699861,308,12084,S,0.0044735,0.000745583333,-19148.851,0.00195429264
0.704028,309,12122,N,0.00341392,0.000568986667,-32883.2009,0.00195459811
0.708056,310,12215,S,0.00478297,0,0,0
0.708056,311,12218,S,0.00473416,0.000789026667,-17097.9516,0.00196100473
0.708194,312,12219,M,0.0061161,0,0,1.16579759e-07
0.708472,312,12227,S,0.0053039,0.000883983333,-13621.5075,0.00184660615
0.708472,313,12226,S,0.0042201,0.00070335,-21517.929,0.00195469691
0.720833,314,12393,S,0.0052376,0.000872933333,-13968.5928,0.00198297728
0.77,314,13008,M,0.0061843,0.00103071667,20389.23,0.00376617192
0.803472,314,13281,M,0.00617465,0,0,0.00130322555
0.884722,314,13639,S,0.0053429,0.000890483333,-13423.349,0.00185470438
0.8925,314,13676,M,0.0058377,0.00097295,22882.5463,0.00417448156
0.720833,315,12394,S,0.00484654,0.000807756667,-16314.1066,0.00196898731
0.724306,316,12442,S,0.00424068,0.00070678,-21309.5478,0.00198078023
0.725139,317,12456,N,0.00341392,0.000568986667,-32883.2009,0.00194588015
0.725972,318,12465,S,0.00454596,0.00075766,-18543.178,0.00195310669
0.726389,319,12469,S,0.00428127,0.000713545,-20907.3318,0.00195363879
0.728611,320,12497,N,0.00624155,0.00104025833,-9835.88173,0.00204092736
0.734167,320,12567,M,0.00564785,0,0,0.00188331287
0.742639,320,12683,M,0.0055057,0,0,0.00141514549
0.730694,321,12522,N,0.00310175,0.000516958333,-39836.8988,0.00194018448
0.735833,322,12593,S,0.00518335,0.000863891667,-14262.5601,0.00195539025
0.736111,323,12598,S,0.00341392,0.000568986667,-32883.2009,0.00195335737
0.743194,324,12688,N,0.00404765,0.000674608333,-23390.8676,0.00195310581
0.756944,325,12837,N,0.00310175,0.000516958333,-39836.8988,0.00193790533
0.763333,326,12943,S,0.00397903,0.000663171667,-24204.742,0.00195171455
0.765278,327,12957,S,0.00428127,0.000713545,-20907.3318,0.00195716115
0.7775,328,13075,S,0.00463341,0.000772235,-17849.7172,0.00195010333
0.780417,329,13089,S,0.00390797,0.000651328333,-25093.156,0.00194958215
0.782778,330,13102,S,0.00428127,0.000713545,-20907.3318,0.00195522802
0.784861,331,13113,N,0.00362223,0.000603705,-29209.1043,0.00193233117
0.79125,332,13156,N,0.00441757,0.000736261667,-19636.8799,0.00195152634
0.799167,333,13230,S,0.00562465,0.000937441667,-12112.0633,0.00196077989
1.43708,333,16735,M,0.00646075,0.00107679167,18681.5,0.00410544333
1.44444,333,16768,M,0.00638935,0,0,0.00323718666
1.445,333,16772,S,0.00499856,0.000833093333,-15336.7442,0.00467005222
1.45472,333,16800,S,0.00489314,0.000815523333,-16004.8052,0.00528773784
1.70056,333,17833,S,0.0053429,0,0,1.79125359e-06
1.71944,333,17877,M,0.00649585,0.00108264167,18480.1342,0.00408618404
1.77042,333,17951,M,0.0063439,0,0,0.00064198255
1.7775,333,17954,M,0.00647835,0,0,0.00047873389
1.80764,333,17981,M,0.00636215,0,0,0.000155580381
0.805,334,13291,M,0.0058913,0,0,0
0.810833,334,13327,M,0.00609635,0,0,0
0.819306,334,13364,M,0.00612595,0,0,0
0.824444,334,13397,M,0.006016,0,0,0
0.851806,334,13455,M,0.00585925,0,0,0
0.861111,334,13490,M,0.00591245,0,0,0
0.865694,334,13520,M,0.00572755,0,0,0
0.87875,334,13593,M,0.0052908,0,0,0
0.8875,334,13657,M,0.00538135,0,0,0
0.814722,335,13345,S,0.00310175,0.000516958333,-39836.8988,0.00194651278
0.821667,336,13374,N,0.00310175,0.000516958333,-39836.8988,0.00194326509
0.827639,337,13412,S,0.00390797,0.000651328333,-25093.156,0.00196358088
0.832361,338,13426,M,0.00492373,0,0,0
0.840139,339,13437,N,0.00367754,0.000612923333,-28336.9362,0.00195607616
0.901667,339,13725,S,0.0046505,0,0,2.9668191e-05
0.904306,339,13735,M,0.0053039,0.000883983333,27720.941,0.00409884253
0.923056,339,13901,S,0.00411402,0.00068567,-22642.1132,0.0029368693
0.930278,339,13986,M,0.0055539,0.00092565,25281.1736,0.00437372061
0.933194,339,14022,S,0.00426107,0.000710178333,-21106.0615,0.00372308109
0.979028,339,14274,M,0.00538135,0.000896891667,26928.6422,0.00401580822
0.98,339,14283,S,0.0044735,0.000745583333,-19148.851,0.0054711165
1.02083,339,14640,M,0.0054318,0.0009053,26430.6789,0.00342388206
1.02778,339,14681,M,0.00562465,0,0,0.00230282472
1.02833,339,14691,S,0.00471767,0.000786278333,-17217.706,0.00236435051
0.85875,340,13469,N,0.00310175,0.000516958333,-39836.8988,0.00194313013
0.864306,341,13516,N,0.00390797,0.000651328333,-25093.156,0.00195904532
0.877222,342,13584,S,0.00463341,0.000772235,-17849.7172,0.00195785453
0.880972,343,13606,S,0.00402503,0.000670838333,-23654.559,0.00195188553
0.883889,344,13628,S,0.00437949,0.000729915,-19979.9092,0.00199636122
0.884583,345,13635,S,0.00367754,0.000612923333,-28336.9362,0.00195456919
0.884722,346,13638,S,0.00338201,0.000563668333,-33506.7812,0.0019536594
0.895694,347,13689,N,0.00236708,0.000394513333,-68412.5019,0.00194064315
0.899722,348,13717,N,0.00310175,0.000516958333,-39836.8988,0.00194670333
0.900278,349,13720,S,0.00370457,0.000617428333,-27924.8506,0.0019513513
0.903472,350,13734,S,0.00404765,0.000674608333,-23390.8676,0.00195871857
0.923056,351,13902,S,0.00397903,0.000663171667,-24204.742,0.00195950085
0.924861,352,13916,S,0.0044735,0.000745583333,-19148.851,0.00196740673
0.931944,353,14008,S,0.00404765,0.000674608333,-23390.8676,0.00196447033
0.933194,354,14021,S,0.00411402,0.00068567,-22642.1132,0.00195519823
0.942361,355,14082,N,0.00359392,0.000598986667,-29671.1807,0.00194692317
0.961806,356,14164,N,0.00468432,0.00078072,-17463.7793,0.00195954561
0.963194,357,14169,N,0.00341392,0.000568986667,-32883.2009,0.00195348143
0.978472,358,14262,N,0.00514185,0.000856975,-14493.7484,0.00196769866
0.978889,359,14273,M,0.0067398,0,0,0
0.983333,359,14349,M,0.00662425,0,0,0
0.98,360,14284,S,0.00413567,0.000689278333,-22405.6325,0.00194944263
0.981389,361,14313,S,0.00495393,0.000825655,-15614.3671,0.00196091452
1.17236,361,15508,M,0.0050997,0,0,3.56832616e-07
1.17597,361,15528,S,0.00441757,0.000736261667,-19636.8799,0.00192331749
1.18625,361,15565,S,0.00424068,0.00070678,-21309.5478,0.00241263673
0.981389,362,14314,S,0.0041571,0.00069285,-22175.1846,0.0019507675
0.987222,363,14382,N,0.0037575,0.00062625,-27143.5174,0.00195335656
0.987778,364,14386,S,0.0041571,0.00069285,-22175.1846,0.00195496237
1.00083,365,14488,S,0.0044735,0,0,0
1.00125,366,14494,S,0.00383421,0.000639035,-26068.0773,0.00195974068
1.00375,367,14517,S,0.00397903,0.000663171667,-24204.742,0.0019611243
1.00542,368,14534,S,0.00466747,0,0,0
1.01347,369,14580,S,0.00424068,0,0,0
1.01625,370,14590,N,0.00404765,0.000674608333,-23390.8676,0.00196059608
1.01792,371,14602,S,0.00310175,0.000516958333,-39836.8988,0.0019378053
1.02056,372,14636,S,0.00424068,0,0,0
1.02181,373,14645,S,0.00383421,0.000639035,-26068.0773,0.00195284983
1.02667,374,14673,S,0.00424068,0.00070678,-21309.5478,0.00195941406
1.02833,375,14690,S,0.00413567,0.000689278333,-22405.6325,0.00196375432
1.02903,376,14703,N,0.00324793,0.000541321667,-36330.9502,0.00195249123
1.02931,377,14710,S,0.00310175,0.000516958333,-39836.8988,0.00194648823
1.0325,378,14739,S,0.0042201,0.00070335,-21517.929,0.00195323714
1.03375,379,14757,S,0.00468432,0.00078072,-17463.7793,0.00195508645
1.04236,380,14790,N,0.00310175,0.000516958333,-39836.8988,0.00193971351
1.04319,381,14794,S,0.00397903,0,0,0
1.04847,382,14801,N,0.00317652,0.00052942,-37983.169,0.00192548439
1.05528,382,14830,M,0.00402503,0,0,0.000935989802
1.0625,382,14871,M,0.00413567,0,0,0.000581758452
1.06944,382,14950,M,0.0041571,0,0,0.000374041101
1.07611,382,15035,M,0.00404765,0,0,0.000272177903
1.07972,382,15077,S,0.00338201,0.000563668333,-33506.7812,0.00185859415
1.08778,382,15118,M,0.00417831,0.000696385,44671.3324,0.0049046896
1.10972,382,15181,S,0.00353595,0.000589325,-30652.2421,0.00174795656
1.13819,382,15278,M,0.00475054,0.000791756667,34556.2278,0.00384126486
1.15972,382,15421,S,0.00380898,0.00063483,-26414.6269,0.00168664906
1.16208,382,15440,M,0.00522415,0.000870691667,28573.8748,0.00386527707
1.19764,382,15601,M,0.00514185,0,0,0.000682619589
1.20083,382,15616,M,0.0052908,0,0,0.000591388823
1.20403,382,15638,M,0.00495393,0,0,0.000541532931
1.2275,382,15726,M,0.00456372,0,0,0.00021734428
1.24778,382,15764,S,0.00409214,0.000682023333,-22884.9305,0.00195856865
1.25528,382,15786,M,0.00449183,0,0,0.00120589049
1.26125,382,15823,M,0.00452806,0,0,0.000858465209
1.27153,382,15877,M,0.00388369,0,0,0.000530892229
1.28069,382,15902,M,0.00407001,0,0,0.000363388332
1.29167,382,15993,M,0.0044735,0.000745583333,38969.5611,0.00416613981
1.29736,382,16022,S,0.003476,0.000579333333,-31718.8896,0.00368463155
1.30472,382,16046,S,0.00313958,0,0,0.00262134033
1.3125,382,16098,M,0.00424068,0,0,0.000969608305
1.31944,382,16199,M,0.00454596,0,0,0.000579043789
1.32556,382,16258,M,0.00478297,0,0,0.000402372654
1.33292,382,16346,M,0.00484654,0,0,0.000276737018
1.36653,382,16547,M,0.0052376,0,0,4.94923928e-05
1.36764,382,16563,M,0.00539405,0,0,4.75275613e-05
1.37764,382,16608,M,0.00490848,0,0,3.4103123e-05
1.46514,382,16894,M,0.0037575,0,0,8.91778584e-07
1.46958,382,16938,M,0.00321262,0,0,4.13385197e-06
1.47917,382,16970,S,0.0027589,0.000459816667,-50356.1024,0.00194028512
1.48569,382,17043,M,0.00367754,0.000612923333,57668.1059,0.00407908691
1.49194,382,17101,M,0.003476,0,0,0.00287581111
1.05097,383,14808,N,0.00383421,0.000639035,-26068.0773,0.00195382794
1.0575,384,14845,S,0.00359392,0.000598986667,-29671.1807,0.00195091788
1.06903,385,14940,N,0.00341392,0.000568986667,-32883.2009,0.00195181652
1.075,386,15019,S,0.00395562,0.00065927,-24492.1372,0.00195213694
1.07597,387,15033,S,0.00507125,0.000845208333,-14900.1681,0.00196838135
1.07597,388,15034,S,0.00452806,0.000754676667,-18690.0981,0.00196141474
1.07972,389,15078,S,0.00306297,0.000510495,-40852.2666,0.00195504987
1.08042,390,15080,N,0.00454596,0.00075766,-18543.178,0.00197449378
1.08583,391,15102,S,0.00492373,0.000820621667,-15806.5259,0.00196550004
1.09083,392,15132,S,0.00466747,0.000777911667,-17590.118,0.00195248327
1.09375,393,15139,S,0.00417831,0,0,0
1.10667,394,15166,S,0.0051696,0.0008616,-14338.5421,0.00195717836
1.125,394,15218,S,0.0050997,0,0,0.000950331121
1.13167,394,15240,S,0.0051696,0,0,0.000697421576
1.10972,395,15180,S,0.00338201,0.000563668333,-33506.7812,0.001950081
1.11681,396,15197,S,0.00458134,0.000763556667,-18257.8352,0.00195544148
1.13694,396,15270,M,0.00578315,0.000963858333,23316.319,0.00469789577
1.14556,396,15326,M,0.0054067,0,0,0.00364305653
1.15028,396,15356,M,0.0052376,0,0,0.00302025676
1.11875,397,15203,S,0.00341392,0.000568986667,-32883.2009,0.00195053367
1.13167,398,15239,S,0.00501325,0.000835541667,-15246.9826,0.00195688489
1.14583,399,15327,N,0.00341392,0.000568986667,-32883.2009,0.00194800696
1.14681,400,15334,N,0.00424068,0.00070678,-21309.5478,0.00198237289
1.24875,400,15769,S,0.00341392,0.000568986667,-32883.2009,0.00195169879
1.15056,401,15358,N,0.00367754,0.000612923333,-28336.9362,0.00195211136
1.15819,402,15408,N,0.00390797,0.000651328333,-25093.156,0.00197190029
1.15944,403,15419,S,0.00479902,0.000799836667,-16638.8402,0.00196196484
1.16458,404,15466,S,0.00432109,0.000720181667,-20523.7107,0.00197187241
1.16556,405,15474,M,0.00478297,0,0,0
1.17139,406,15500,S,0.00390797,0.000651328333,-25093.156,0.00194757905
1.175,407,15521,S,0.00443638,0.000739396667,-19470.6876,0.0019551889
1.2625,407,15831,M,0.00518335,0.000863891667,29025.5382,0.00412522323
1.26667,407,15847,S,0.00441757,0.000736261667,-19636.8799,0.00346627614
1.5475,407,17344,M,0.00533,0.000888333333,27450.081,0.00402882628
1.55486,407,17380,M,0.0058051,0,0,0.00273907619
1.55764,407,17405,S,0.00452806,0.000754676667,-18690.0981,0.00446916149
1.17597,408,15527,S,0.00367754,0.000612923333,-28336.9362,0.00194940445
1.18208,409,15546,S,0.00441757,0,0,0
1.18625,410,15564,S,0.00407001,0.000678335,-23134.5171,0.00195531955
1.20181,411,15623,S,0.00452806,0.000754676667,-18690.0981,0.00197241404
1.20375,412,15634,S,0.00367754,0.000612923333,-28336.9362,0.00195495343
1.21292,413,15674,N,0.00419931,0.000699885,-21731.5554,0.00195696733
1.21556,414,15686,N,0.00350623,0.000584371667,-31174.1891,0.00196286914
1.21653,415,15692,S,0.00367754,0.000612923333,-28336.9362,0.00195006526
1.24847,416,15767,N,0.00397903,0.000663171667,-24204.742,0.0019668166
1.25694,417,15793,N,0.0073414,0.00122356667,-7109.27798,0.00233062309
1.2625,417,15832,M,0.00613575,0,0,0.00238103724
1.27056,417,15871,M,0.0051696,0,0,0.00176372301
1.27306,417,15886,M,0.00463341,0,0,0.00169617267
1.31931,417,16197,M,0.00501325,0,0,0.000186382113
1.32389,417,16246,M,0.0052908,0,0,0.000141417458
1.25819,418,15805,N,0.007314,0.001219,-7162.64911,0.00201585212
1.29722,418,16020,M,0.0071592,0,0,0.000635038418
1.32542,418,16257,M,0.00721625,0,0,0.000258633921
1.33333,418,16352,M,0.00815115,0.001358525,11735.9939,0.0043214518
1.3475,418,16480,S,0.00693675,0.001156125,-7962.98924,0.00471058111
1.26569,419,15838,S,0.00383421,0.000639035,-26068.0773,0.00195826144
1.26958,420,15865,N,0.00341392,0.000568986667,-32883.2009,0.00194565633
1.28347,421,15931,N,0.00294033,0.000490055,-44332.0653,0.00194188901
1.28653,422,15947,S,0.00341392,0.000568986667,-32883.2009,0.00195278529
1.29014,423,15985,S,0.00310175,0.000516958333,-39836.8988,0.00194716382
1.30944,424,16082,S,0.00341392,0.000568986667,-32883.2009,0.00195219059
1.31611,425,16154,S,0.00341392,0.000568986667,-32883.2009,0.00195430327
1.32208,426,16228,S,0.00385911,0.000643185,-25732.7042,0.00195414047
1.33014,427,16299,N,0.00310175,0.000516958333,-39836.8988,0.00194688976
1.34458,428,16457,S,0.00341392,0.000568986667,-32883.2009,0.00194727166
1.34611,429,16472,N,0.0037575,0.00062625,-27143.5174,0.00195153309
1.35347,430,16489,S,0.00417831,0.000696385,-21950.5856,0.00195405551
1.355,430,16499,S,0.00424068,0,0,0.00182641828
1.37375,430,16592,M,0.0053429,0.000890483333,27317.6713,0.00405621749
1.37889,430,16614,S,0.0043602,0.0007267,-20157.116,0.00527439925
1.38764,430,16635,S,0.00424068,0.00070678,-21309.5478,0.00458334205
1.35431,431,16492,N,0.00441757,0.000736261667,-19636.8799,0.00195547047
1.355,432,16500,S,0.00390797,0.000651328333,-25093.156,0.00194930874
1.36014,433,16511,S,0.00586995,0.000978325,-11120.7919,0.00201059941
1.36694,433,16555,M,0.00616495,0,0,0.00147203861
1.37181,433,16586,S,0.00498378,0.00083063,-15427.8582,0.00329544161
1.41611,433,16658,M,0.00591245,0.000985408333,22307.5352,0.00464473201
1.42,433,16663,S,0.00466747,0.000777911667,-17590.118,0.00618382128
1.43056,433,16703,S,0.00505685,0,0,0.00373584271
1.43194,433,16710,M,0.00572755,0.000954591667,23771.2581,0.00357135651
1.49903,433,17128,S,0.00518335,0.000863891667,-14262.5601,0.00211943172
1.51347,433,17169,S,0.0051279,0,0,0.00120254259
1.61639,433,17619,S,0.0054935,0,0,1.47556632e-05
1.63278,433,17644,M,0.00599555,0.000999258333,21693.3704,0.00410278667
1.64528,433,17678,M,0.00609635,0,0,0.00244839497
1.6525,433,17707,M,0.00586995,0,0,0.0019555106
1.65931,433,17735,S,0.00561295,0.000935491667,-12162.6168,0.00297003745
1.36056,434,16514,S,0.00461618,0.000769363333,-17983.2356,0.00195584027
1.37167,435,16582,S,0.00341392,0.000568986667,-32883.2009,0.00195308038
1.37181,436,16585,S,0.00411402,0.00068567,-22642.1132,0.0019512436
1.37889,437,16615,S,0.00413567,0.000689278333,-22405.6325,0.00195147279
1.38472,438,16630,N,0.00383421,0.000639035,-26068.0773,0.00196269535
1.38764,439,16636,S,0.00404765,0.000674608333,-23390.8676,0.001957141
1.39778,440,16652,S,0.00341392,0.000568986667,-32883.2009,0.00195311583
1.42,441,16662,S,0.00397903,0.000663171667,-24204.742,0.0019514445
1.43,442,16701,N,0.0037575,0.00062625,-27143.5174,0.00195620129
1.445,443,16773,S,0.00486217,0.000810361667,-16209.3727,0.00196073244
1.45472,444,16801,S,0.00458134,0.000763556667,-18257.8352,0.00196401201
1.51944,444,17209,M,0.0058051,0.000967516667,23140.3053,0.0040143362
1.55708,444,17400,S,0.00461618,0.000769363333,-17983.2356,0.00277211389
1.63875,444,17661,M,0.00593345,0.000988908333,22149.8915,0.00418076506
1.64153,444,17668,S,0.0051279,0.00085465,-14572.7247,0.00500894582
1.65181,444,17706,M,0.00561295,0.000935491667,24751.9727,0.00410826802
1.65667,444,17716,S,0.00473416,0.000789026667,-17097.9516,0.00474130721
1.66875,444,17761,S,0.00473416,0.000789026667,-17097.9516,0.00235291889
1.68042,444,17786,S,0.00452806,0.000754676667,-18690.0981,0.00179683823
1.46889,445,16926,S,0.00341392,0.000568986667,-32883.2009,0.00194697719
1.46958,446,16936,N,0.0037575,0.00062625,-27143.5174,0.00195059424
1.47194,447,16940,N,0.00344524,0.000574206667,-32287.9259,0.00195729855
1.48514,447,17036,S,0.00350623,0,0,0.000781251007
1.48972,447,17082,S,0.00393194,0,0,0.000535792945
1.51319,447,17166,M,0.0050424,0,0,9.92670489e-05
1.51736,447,17199,S,0.00468432,0.00078072,-17463.7793,0.00189480916
1.52236,447,17226,M,0.0050424,0.0008404,30671.1541,0.00538086177
1.58639,447,17529,S,0.0053686,0,0,0.000314880424
1.61583,447,17616,S,0.0050855,0.000847583333,-14816.7703,0.00202768551
1.63806,447,17658,M,0.00507125,0,0,0.000815660935
1.64444,447,17675,M,0.00470105,0,0,0.000676581806
1.64847,447,17694,M,0.00470105,0,0,0.000564972203
1.65972,447,17738,M,0.00417831,0,0,0.000378758999
1.66347,447,17757,M,0.00424068,0,0,0.000304004413
1.67097,447,17766,S,0.00356517,0.000594195,-30151.7517,0.00187796267
1.49903,448,17127,S,0.00341392,0.000568986667,-32883.2009,0.00195363226
1.50431,449,17145,N,0.0027589,0.000459816667,-50356.1024,0.0019597228
1.51083,450,17153,N,0.0053429,0.000890483333,-13423.349,0.00196530658
1.51347,451,17168,S,0.00390797,0,0,0
1.52653,452,17270,N,0.00341392,0.000568986667,-32883.2009,0.00195479976
1.53139,453,17320,N,0.00341392,0.000568986667,-32883.2009,0.00194090143
1.53208,454,17322,N,0.00458134,0.000763556667,-18257.8352,0.00195285957
1.53333,455,17325,N,0.00437949,0.000729915,-19979.9092,0.00195354328
1.54597,456,17339,N,0.00254986,0.000424976667,-58953.5331,0.00195283972
1.54681,457,17341,N,0.00341392,0.000568986667,-32883.2009,0.00194931502
1.55556,458,17385,N,0.00298234,0.000497056667,-43091.6206,0.00195455216
1.55708,459,17399,S,0.0044735,0.000745583333,-19148.851,0.00196478466
1.55764,460,17404,S,0.0043602,0.0007267,-20157.116,0.00195631006
1.56056,461,17421,N,0.00522415,0.000870691667,-14040.6218,0.00196323673
1.58208,462,17514,S,0.00404765,0.000674608333,-23390.8676,0.00195738992
1.58708,463,17532,N,0.00367754,0.000612923333,-28336.9362,0.00195278891
1.59458,464,17549,N,0.00533,0.000888333333,-13488.4124,0.00196786224
1.60111,465,17565,N,0.0037575,0.00062625,-27143.5174,0.0019513552
1.60736,466,17605,N,0.00404765,0.000674608333,-23390.8676,0.00196380703
1.61153,467,17608,N,0.0037575,0.00062625,-27143.5174,0.00195221689
1.61181,468,17609,S,0.00390797,0.000651328333,-25093.156,0.00194725919
1.61639,469,17618,S,0.00359392,0.000598986667,-29671.1807,0.00195114052
1.61903,470,17627,S,0.00367754,0.000612923333,-28336.9362,0.0019644317
1.62097,471,17636,S,0.00390797,0.000651328333,-25093.156,0.00195046327
1.62569,472,17641,N,0.00289707,0.000482845,-45666.2443,0.00196505595
1.64153,473,17669,S,0.0037575,0.00062625,-27143.5174,0.00195335006
1.65667,474,17717,S,0.00449183,0.000748638333,-18992.862,0.00195222583
1.66028,475,17742,N,0.00310175,0.000516958333,-39836.8988,0.0019435267
1.66875,476,17762,S,0.00468432,0.00078072,-17463.7793,0.0019578164
1.68042,477,17787,S,0.00397903,0.000663171667,-24204.742,0.00195671975
1.68653,478,17793,N,0.00370457,0.000617428333,-27924.8506,0.00198995721
1.69208,478,17811,S,0.00390797,0,0,0.00132920805
1.69306,479,17814,N,0.00236708,0.000394513333,-68412.5019,0.0019408074
1.70056,480,17834,S,0.0049689,0,0,0
1.70403,481,17842,N,0.00260531,0.000434218333,-56470.0933,0.001948966
1.70597,482,17846,N,0.0027589,0.000459816667,-50356.1024,0.00196220376
1.70722,483,17849,N,0.0027589,0.000459816667,-50356.1024,0.00197725397
1.71389,484,17858,N,0.00310175,0.000516958333,-39836.8988,0.00197930608
1.71944,485,17878,N,0.0027589,0.000459816667,-50356.1024,0.00194212608
1.88014,485,18040,S,0.00443638,0,0,6.21308229e-10
1.89514,485,18060,M,0.00432109,0,0,1.16429689e-06
1.90236,485,18071,S,0.00411402,0.00068567,-22642.1132,0.00194611259
1.90681,485,18073,M,0.00439861,0.000733101667,40308.0558,0.00532570972
1.91056,485,18077,M,0.00458134,0,0,0.00452655605
1.92861,485,18098,M,0.00461618,0,0,0.001628102
2.1225,485,18404,M,0.00538135,0,0,2.93921907e-07
2.12653,485,18412,S,0.0053039,0.000883983333,-13621.5075,0.00201310767
2.13847,485,18463,M,0.0049689,0,0,0.00125216986
2.17833,485,18524,S,0.0051696,0,0,0.000180375426
2.24347,485,18556,M,0.00452806,0,0,8.90883539e-06
2.30056,485,18567,M,0.00459882,0,0,5.04104093e-07
2.40278,485,18649,S,0.00424068,0.00070678,-21309.5478,0.00193956796
2.4075,485,18659,M,0.00499856,0.000833093333,31211.5955,0.00504059261
2.41417,485,18673,S,0.00449183,0.000748638333,-18992.862,0.00402726621
2.45514,485,18763,S,0.00419931,0.000699885,-21731.5554,0.00175027182
2.74292,485,18894,M,0.00370457,0,0,2.32849733e-10
2.82194,485,18908,M,0.00334949,0,0,1.0989352e-12
2.83583,485,18911,M,0.00338201,0,0,4.13245331e-13
1.72694,486,17892,N,0.0028525,0.000475416667,-47104.8171,0.00194847176
1.74306,487,17908,N,0.00331633,0.000552721667,-34847.4215,0.00198817643
1.74486,487,17912,M,0.00298234,0,0,0.00185881056
1.76681,488,17933,N,0.00306297,0.000510495,-40852.2666,0.00195836995
1.77764,488,17956,S,0.00222751,0.000371251667,-77257.1146,0.00239826637
1.7775,489,17955,N,0.00341392,0.000568986667,-32883.2009,0.00194946282
1.78542,490,17967,N,0.00302319,0.000503865,-41934.6895,0.00198201091
1.93056,490,18105,M,0.00353595,0,0,4.31420722e-06
1.93319,490,18122,S,0.00294033,0.000490055,-44332.0653,0.00189222554
1.94375,490,18140,S,0.00289707,0,0,0.000892399444
1.94806,490,18163,M,0.00393194,0.000635869765,50445.89,0.00363839325
1.95806,490,18186,M,0.00370457,0,0,0.00184350152
1.98431,490,18215,S,0.0028525,0.000475416667,-47104.8171,0.00160281623
1.99278,490,18251,M,0.00338201,0.000563668333,68189.1857,0.00464863564
1.99903,490,18272,M,0.00385911,0,0,0.00267809997
2.00556,490,18291,M,0.00353595,0,0,0.00187687899
2.01236,490,18337,S,0.00260531,0.000434218333,-56470.0933,0.00292024876
2.02083,490,18344,S,0.00260531,0.000434218333,-56470.0933,0.00259972731
2.02472,490,18355,M,0.00324793,0.000541321667,73936.6129,0.00438298071
1.79903,491,17974,S,0.0037575,0.00062625,-27143.5174,0.00195610909
1.80389,492,17977,N,0.00310175,0.000516958333,-39836.8988,0.00194671813
1.83986,493,17989,N,0.00334949,0.000558248333,-34160.7109,0.00202488253
1.84708,493,18010,S,0.00236708,0.000394513333,-68412.5019,0.00243810051
1.85167,493,18025,M,0.00306297,0.000510495,83137.8811,0.00328578413
1.90236,494,18072,S,0.00265849,0.000443081667,-54232.8565,0.00197055738
1.91833,495,18078,N,0.00367754,0.000612923333,-28336.9362,0.00194984767
1.93319,496,18121,S,0.0028525,0.000475416667,-47104.8171,0.00194813578
1.94181,497,18131,N,0.00222751,0.000371251667,-77257.1146,0.00195521738
1.95333,498,18164,N,0.0044735,0.000745583333,-19148.851,0.00196086529
1.95389,499,18165,N,0.0037575,0.00062625,-27143.5174,0.00195382047
1.96778,500,18212,S,0.00341392,0,0,0
1.98431,501,18216,S,0.0028525,0.000475416667,-47104.8171,0.00196326047
2.01236,502,18338,S,0.00249189,0.000415315,-61729.1718,0.00195413137
2.01292,503,18339,N,0.00397903,0.000663171667,-24204.742,0.00194565141
2.16569,504,18502,S,0.00567085,0.000945141667,-11915.4903,0.0019572006
2.18208,505,18526,N,0.00341392,0.000568986667,-32883.2009,0.00194571881
2.19306,506,18533,S,0.00573875,0.000956458333,-11635.1592,0.0019663608
2.22361,507,18553,N,0.0037575,0.00062625,-27143.5174,0.00195234044
2.29722,508,18557,N,0.00222751,0.000371251667,-77257.1146,0.00195627347
2.30681,509,18586,N,0.00430127,0.000716878333,-20713.3223,0.00195334479
2.77069,509,18900,M,0.00515575,0,0,3.79490547e-07
2.77153,509,18905,S,0.00489314,0.000815523333,-16004.8052,0.00195712682
2.31278,510,18608,N,0.00454596,0.00075766,-18543.178,0.00195517625
2.32111,511,18614,N,0.00616495,0.00102749167,-10081.8522,0.00196780087
2.35472,512,18617,N,0.00428127,0.000713545,-20907.3318,0.00195714241
2.41417,513,18672,S,0.00313958,0.000523263333,-38882.4463,0.00196734941
2.43056,514,18686,N,0.00328248,0.00054708,-35570.0016,0.00195380614
2.44444,515,18708,N,0.00338201,0.000563668333,-33506.7812,0.00195497993
2.45569,516,18769,N,0.0042201,0.00070335,-21517.929,0.00195596958
2.45667,517,18775,N,0.00331633,0.000552721667,-34847.4215,0.0019607263
2.50667,518,18841,N,0.00341392,0.000568986667,-32883.2009,0.00195292685
2.64347,519,18864,N,0.00289707,0.000482845,-45666.2443,0.0019500138
2.64639,520,18868,N,0.00254986,0.000424976667,-58953.5331,0.00193710868
2.70014,521,18879,S,0.00445501,0.000742501667,-19308.1567,0.00195321719
3.03639,521,18970,M,0.00466747,0,0,8.26801729e-11
2.77153,522,18904,S,0.00341392,0.000568986667,-32883.2009,0.00195224049
